"X","Ticker.Symbol","Period.Ending","After.Tax.ROE","Capital.Expenditures","Cash.Ratio","Cash.and.Cash.Equivalents","Current.Ratio","Depreciation","Gross.Margin","Gross.Profit","Interest.Expense","Investments","Liabilities","Long.Term.Debt","Long.Term.Investments","Net.Cash.Flow","Net.Income","Operating.Income","Operating.Margin","Profit.Margin","Quick.Ratio","Research.and.Development","Total.Assets","Total.Equity","Total.Liabilities","Earnings.Per.Share","Estimated.Shares.Outstanding"
2,"AAL","2014-12-31",143,-5.311e+09,60,1.768e+09,88,1.342e+09,63,2.703e+10,8.87e+08,1.799e+09,-1.026e+09,1.6043e+10,0,-1.46e+08,2.882e+09,4.249e+09,10,7,80,0,4.3225e+10,2.021e+09,4.1204e+10,4.02,716915422.886
3,"AAL","2015-12-31",135,-6.151e+09,51,1.085e+09,73,1.487e+09,73,2.9894e+10,8.8e+08,4.43e+08,-6.33e+08,1.833e+10,0,-6.04e+08,7.61e+09,6.204e+09,15,19,67,0,4.8415e+10,5.635e+09,4.278e+10,11.39,668129938.543
14,"ABBV","2014-12-31",102,-6.12e+08,74,8.348e+09,141,7.86e+08,78,1.5534e+10,3.91e+08,3.08e+08,-1.93e+08,1.0538e+10,9.2e+07,-1.247e+09,1.774e+09,3.411e+09,17,9,131,3.297e+09,2.7513e+10,1.742e+09,2.5771e+10,1.11,1598198198.2
15,"ABBV","2015-12-31",130,-5.32e+08,77,8.399e+09,150,8.36e+08,80,1.8359e+10,6.86e+08,2.9e+07,1.503e+09,2.924e+10,1.45e+08,5.1e+07,5.144e+09,7.537e+09,33,23,134,4.285e+09,5.305e+10,3.945e+09,4.9105e+10,3.15,1633015873.02
22,"ABT","2014-12-31",11,-1.077e+09,43,4.063e+09,130,1.548e+09,54,1.1029e+10,1.5e+08,4.117e+09,-2.8e+07,3.393e+09,2.29e+08,5.88e+08,2.284e+09,2.599e+09,13,11,104,1.345e+09,4.1207e+10,2.1526e+10,1.9681e+10,1.5,1522666666.67
23,"ABT","2015-12-31",21,-1.11e+09,67,5.001e+09,154,1.472e+09,57,1.1658e+10,1.63e+08,-8.21e+08,2.15e+08,5.871e+09,4.041e+09,9.38e+08,4.423e+09,2.867e+09,14,22,126,1.405e+09,4.1247e+10,2.1211e+10,2.0036e+10,2.94,1504421768.71
34,"ADM","2014-12-31",11,-8.94e+08,42,5.976e+09,167,8.94e+08,6,4.768e+09,3.37e+08,-1.05e+08,1.276e+09,5.528e+09,4.377e+09,-2.022e+09,2.248e+09,2.756e+09,3,3,107,0,4.3997e+10,1.9575e+10,2.4367e+10,3.44,653488372.093
35,"ADM","2015-12-31",10,-1.125e+09,49,6.124e+09,162,8.82e+08,6,4.02e+09,3.08e+08,3.5e+07,-1.693e+09,5.779e+09,4.34e+09,-1.89e+08,1.849e+09,1.81e+09,3,3,101,0,4.0157e+10,1.7899e+10,2.2242e+10,2.99,618394648.829
38,"ADS","2014-12-31",21,-158694000,25,1597492000,219,349810000,31,1658961000,260526000,-2379208000,188052000,8134248000,0,107330000,506293000,1098467000,21,10,219,0,20263977000,2396380000,17867597000,8.72,58061123.8532
39,"ADS","2015-12-31",30,-191683000,25,1624601000,254,524467000,30,1957046000,330184000,-2899032000,98026000,10136018000,0,90885000,596541000,1261860000,20,9,254,0,22421830000,2010030000,20411800000,8.91,66951851.8519
46,"AEE","2014-12-31",9,-1.785e+09,0,5e+06,75,8.13e+08,41,2.467e+09,3.41e+08,-8e+06,-7.2e+07,6.085e+09,5.49e+08,-2.5e+07,5.92e+08,1.254e+09,21,10,52,0,2.2289e+10,6.713e+09,1.5576e+10,2.42,244628099.174
47,"AEE","2015-12-31",9,-1.917e+09,14,2.92e+08,92,8.96e+08,43,2.597e+09,3.55e+08,-2e+06,-9.1e+07,6.88e+09,5.56e+08,2.87e+08,6.36e+08,1.259e+09,21,10,66,0,2.364e+10,6.946e+09,1.6694e+10,2.6,244615384.615
74,"AKAM","2014-12-31",11,-207159000,227,238650000,378,262869000,69,1352931000,15463000,-479392000,101721000,604851000,869992000,-95241000,333948000,489519000,25,17,378,125286000,4001546000,2945335000,1056211000,1.87,178581818.182
75,"AKAM","2015-12-31",10,-311676000,225,289473000,377,318088000,67,1471828000,18525000,153060000,54503000,624288000,774674000,50823000,321406000,466150000,21,15,377,148591000,4187925000,3120878000,1067047000,1.8,178558888.889
78,"ALB","2014-12-31",10,-110576000,218,2489768000,294,103572000,32,770848000,41358000,-40275000,21616000,2223035000,194042000,2012529000,133316000,271298000,11,5,262,88310000,5223103000,1359465000,3863638000,1.69,78885207.1006
79,"ALB","2015-12-31",10,-227649000,13,213734000,113,260076000,33,1196872000,132722000,3154000,-73151000,3174674000,455417000,-2276034000,334906000,442435000,12,9,82,102871000,9615014000,3254392000,6360622000,3.01,111264451.827
82,"ALK","2014-12-31",28,-6.94e+08,73,1.07e+08,98,2.94e+08,57,3.043e+09,2.8e+07,1.43e+08,8.9e+07,6.86e+08,0,2.7e+07,6.05e+08,9.62e+08,18,11,95,0,6.064e+09,2.127e+09,3.937e+09,4.47,135346756.152
83,"ALK","2015-12-31",35,-8.31e+08,74,7.3e+07,92,3.2e+08,65,3.663e+09,8e+06,-1.52e+08,1.31e+08,5.71e+08,0,-3.4e+07,8.48e+08,1.298e+09,23,15,89,0,6.533e+09,2.411e+09,4.122e+09,6.61,128290468.986
89,"ALLE","2014-12-31",3650,-51500000,55,290500000,188,48800000,40,853700000,53800000,0,14500000,1.215e+09,0,63100000,175200000,326300000,15,8,156,0,2015900000,-4800000,2020700000,1.82,96263736.2637
90,"ALLE","2015-12-31",601,-35200000,45,199700000,164,53200000,42,869100000,52900000,12300000,-17200000,1457500000,0,-90800000,153900000,358600000,17,7,119,0,2.263e+09,25600000,2237400000,1.6,96187500
93,"ALXN","2014-12-31",20,-1.37e+08,323,943999000,461,4.7e+07,92,2.06e+09,3e+06,-8.5e+07,2.71e+08,116599000,0,4.14e+08,6.57e+08,8.69e+08,39,29,432,5.14e+08,4201962000,3302018000,899944000,3.32,197891566.265
94,"ALXN","2015-12-31",2,-2.86e+08,195,1.01e+09,341,1.67e+08,91,2.371e+09,4.8e+07,6.35e+08,-1.54e+08,3.405e+09,0,6.6e+07,1.44e+08,5.37e+08,21,6,300,7.09e+08,1.3097e+10,8.259e+09,4.838e+09,0.68,211764705.882
102,"AME","2014-12-31",18,-71327000,40,377615000,169,138584000,35,1424947000,79928000,0,-15515000,1427825000,154322000,82412000,584460000,898586000,22,15,116,0,6420963000,3239561000,3181402000,2.39,244543933.054
103,"AME","2015-12-31",18,-69083000,37,381005000,158,149460000,36,1425015000,91795000,0,-75009000,1556045000,180775000,3390000,590859000,907716000,23,15,108,0,6664530000,3254626000,3409904000,2.46,240186585.366
109,"AMGN","2014-12-31",20,-7.18e+08,386,3.731e+09,495,2.092e+09,78,1.5641e+10,1.071e+09,-4.982e+09,8.84e+08,3.0215e+10,0,-7.4e+07,5.158e+09,6.191e+09,31,26,458,4.297e+09,6.9009e+10,2.5778e+10,4.3231e+10,6.8,758529411.765
110,"AMGN","2015-12-31",25,-5.94e+08,362,4.144e+09,445,2.108e+09,80,1.7435e+10,1.095e+09,-4.421e+09,8.99e+08,2.9182e+10,0,4.13e+08,6.939e+09,8.47e+09,39,32,416,4.07e+09,7.1449e+10,2.8083e+10,4.3366e+10,9.15,758360655.738
118,"AMT","2014-12-31",21,-974404000,25,473698000,50,998932000,73,3005783000,580234000,39515000,357940000,13642955000,575246000,19916000,824910000,1486922000,36,20,50,0,21263565000,3953560000,17310005000,2.02,408371287.129
119,"AMT","2015-12-31",10,-728753000,39,462879000,83,1292260000,73,3462648000,595949000,9504000,150984000,17068807000,732903000,7194000,685074000,1612789000,34,14,83,0,26904272000,6651679000,20252593000,1.42,482446478.873
121,"AMZN","2014-12-31",2,-4.893e+09,62,1.4557e+10,112,4.746e+09,29,2.6236e+10,2.1e+08,8.07e+08,6.898e+09,8.265e+09,0,5.899e+09,-2.41e+08,1.78e+08,0,0,82,0,5.4505e+10,1.0741e+10,4.3764e+10,-0.52,463461538.462
122,"AMZN","2015-12-31",4,-4.589e+09,58,1.589e+10,105,6.281e+09,33,3.5355e+10,4.59e+08,-1.066e+09,1.2608e+10,8.227e+09,0,1.333e+09,5.96e+08,2.233e+09,2,1,75,0,6.4747e+10,1.3384e+10,5.1363e+10,1.28,465625000
125,"AN","2014-12-31",20,-209200000,2,75400000,103,112600000,16,2988700000,1.4e+08,1e+05,9.9e+07,2103400000,0,6200000,418700000,820800000,4,2,28,0,8399700000,2072100000,6327600000,3.57,117282913.165
126,"AN","2015-12-31",19,-247600000,1,74100000,91,132100000,16,3261500000,149200000,-10200000,566700000,1745300000,0,-1300000,442600000,873100000,4,2,21,0,9548200000,2349300000,7198900000,3.93,112620865.14
138,"APA","2014-12-31",20,-1.1378e+10,21,7.69e+08,175,9.874e+09,80,1.018e+10,2.11e+08,1.262e+09,-6.81e+08,1.1245e+10,0,-1.137e+09,-5.06e+09,-2.708e+09,21,40,156,0,5.5952e+10,2.5937e+10,3.0015e+10,-14.06,359886201.991
139,"APA","2015-12-31",917,-5.178e+09,80,1.467e+09,204,2.9517e+10,68,4.318e+09,2.99e+08,1.245e+09,-5.07e+08,8.777e+09,0,6.98e+08,-2.3528e+10,-2.791e+10,437,369,173,0,1.8842e+10,2.566e+09,1.6276e+10,-61.2,384444444.444
141,"APC","2014-12-31",9,-9.508e+09,72,7.369e+09,103,4.55e+09,82,1.5153e+10,7.72e+08,-1.527e+09,4.457e+09,1.5092e+10,0,3.671e+09,-1.75e+09,5.403e+09,29,9,103,0,6.0967e+10,1.9725e+10,4.1242e+10,-3.47,504322766.571
142,"APC","2015-12-31",52,-6.067e+09,22,9.39e+08,95,4.603e+09,63,5.513e+09,8.25e+08,-3e+06,-6.205e+09,1.5636e+10,0,-6.43e+09,-6.692e+09,-8.809e+09,101,77,95,0,4.6331e+10,1.2819e+10,3.3512e+10,-13.18,507738998.483
150,"APH","2014-12-31",24,-209100000,127,968900000,330,168100000,32,1693800000,80400000,-60200000,152600000,2654600000,0,82100000,709100000,1034600000,19,13,247,0,6985900000,2907400000,4078500000,2.26,313761061.947
151,"APH","2015-12-31",24,-172100000,175,1737200000,382,171600000,32,1779500000,68300000,335900000,35400000,2813200000,0,768300000,763500000,1104700000,20,14,297,0,7458400000,3238500000,4219900000,2.47,309109311.741
154,"ARNC","2014-12-31",2,-1.219e+09,34,1.877e+09,144,1.372e+09,20,4.769e+09,4.73e+08,-1.38e+08,-8.98e+08,8.769e+09,1.944e+09,4.4e+08,2.68e+08,1.017e+09,4,1,87,2.18e+08,3.7363e+10,1.2306e+10,2.5057e+10,0.21,1276190476.19
155,"ARNC","2015-12-31",3,-1.18e+09,37,1.919e+09,153,1.28e+09,20,4.465e+09,4.98e+08,-9.4e+07,-1.199e+09,9.044e+09,1.685e+09,4.2e+07,-3.22e+08,7.48e+08,3,1,87,2.38e+08,3.6528e+10,1.2046e+10,2.4482e+10,-0.31,1038709677.42
158,"ATVI","2014-12-31",12,-1.07e+08,179,4.848e+09,241,3.53e+08,65,2.883e+09,2.02e+08,2.1e+07,5.53e+08,4.324e+09,9e+06,4.38e+08,8.35e+08,1.183e+09,27,19,236,5.71e+08,1.4642e+10,7.233e+09,7.409e+09,1.14,732456140.351
159,"ATVI","2015-12-31",11,-1.11e+08,70,1.823e+09,130,5.01e+08,66,3.079e+09,1.98e+08,0,1.81e+08,4.079e+09,9e+06,-3.025e+09,8.92e+08,1.319e+09,28,19,125,6.46e+08,1.5251e+10,8.068e+09,7.183e+09,1.21,737190082.645
172,"AWK","2014-12-31",9,-9.56e+08,3,3.7e+07,46,4.24e+08,55,1.661e+09,0,-9e+06,-2.5e+07,5.795e+09,0,-4e+06,4.23e+08,1.003e+09,33,14,43,0,1.6038e+10,4.915e+09,1.1108e+10,2.36,179237288.136
173,"AWK","2015-12-31",9,-1.16e+09,4,6.6e+07,43,4.4e+08,56,1.755e+09,0,-1.97e+08,2.3e+07,6.211e+09,0,2.2e+07,4.76e+08,1.075e+09,34,15,40,0,1.7241e+10,5.049e+09,1.218e+10,2.66,178947368.421
187,"BA","2014-12-31",63,-2.236e+09,27,1.1733e+10,140,1.906e+09,15,1.401e+10,3.33e+08,4.799e+09,5.943e+09,8.141e+09,4.525e+09,2.645e+09,5.446e+09,7.473e+09,8,6,44,3.047e+09,9.2921e+10,8.665e+09,8.4256e+10,7.47,729049531.459
188,"BA","2015-12-31",82,-2.45e+09,24,1.1302e+10,135,1.833e+09,15,1.4026e+10,2.75e+08,5.54e+08,3.949e+09,8.73e+09,4.642e+09,-4.31e+08,5.176e+09,7.443e+09,8,5,42,3.331e+09,9.4408e+10,6.335e+09,8.8073e+10,7.52,688297872.34
196,"BAX","2014-12-31",31,-9.25e+08,48,2.925e+09,168,7.92e+08,43,4.581e+09,1.45e+08,0,-3.7e+07,7.331e+09,0,1.92e+08,2.497e+09,6.56e+08,6,23,142,6.1e+08,2.6138e+10,8.12e+09,1.8018e+10,4.61,541648590.022
197,"BAX","2015-12-31",11,-9.11e+08,128,2.213e+09,205,7.59e+08,42,4.146e+09,1.26e+08,0,2.36e+08,3.935e+09,0,-7.12e+08,9.68e+08,4.49e+08,5,10,177,6.03e+08,2.0975e+10,8.846e+09,1.2129e+10,1.78,543820224.719
211,"BCR","2014-12-31",16,-126600000,164,1007600000,333,174100000,62,2.065e+09,44800000,7100000,-3.5e+07,1401900000,0,-106800000,294500000,781500000,24,9,272,3.02e+08,5092600000,1804900000,3287700000,3.83,76892950.3916
212,"BCR","2015-12-31",9,-102900000,82,1030900000,156,193100000,62,2114800000,44900000,2.1e+07,-217300000,1144100000,0,-9600000,135400000,843500000,25,4,123,259200000,4.844e+09,1455300000,3388700000,1.8,75222222.2222
219,"BHI","2014-12-31",9,-1.791e+09,38,1.74e+09,260,1.814e+09,20,4.805e+09,2.32e+08,0,3.81e+08,3.913e+09,0,3.41e+08,1.719e+09,2.859e+09,12,7,172,6.13e+08,2.8827e+10,1.8625e+10,1.0202e+10,3.93,437404580.153
220,"BHI","2015-12-31",12,-9.65e+08,84,2.324e+09,334,1.742e+09,8,1.327e+09,2.17e+08,-3.1e+08,-1.654e+09,3.89e+09,0,5.84e+08,-1.967e+09,-2.396e+09,15,12,229,4.66e+08,2.408e+10,1.6298e+10,7.782e+09,-4.49,438084632.517
223,"BIIB","2014-12-31",27,-287800000,83,1204900000,204,688100000,88,8532300000,0,-864200000,353300000,580300000,2225300000,643200000,2934800000,3972400000,41,30,168,1893400000,14314700000,1.0809e+10,3505700000,12.42,236296296.296
224,"BIIB","2015-12-31",38,-6.43e+08,133,1.308e+09,260,600400000,88,9523400000,0,-2801900000,-2.72e+08,6521500000,3.868e+09,148900000,3.547e+09,4.891e+09,45,33,225,2012800000,19504800000,9372800000,1.0132e+10,15.38,230624187.256
232,"BLL","2014-12-31",45,-390800000,10,191400000,115,280900000,19,1666500000,159900000,0,363300000,2993800000,0,-224600000,4.7e+08,838600000,10,5,65,0,7.571e+09,1033100000,6537900000,3.39,138643067.847
233,"BLL","2015-12-31",22,-527900000,10,2.24e+08,102,285500000,19,1536700000,143200000,0,-1.8e+07,5054200000,0,32600000,280900000,605200000,8,4,60,0,9.777e+09,1251300000,8525700000,2.05,137024390.244
236,"BMY","2014-12-31",13,-5.26e+08,88,5.571e+09,173,4.67e+08,75,1.1947e+10,0,-1.624e+09,7.4e+08,7.242e+09,4.408e+09,1.985e+09,2.004e+09,2.591e+09,16,13,154,4.534e+09,3.3749e+10,1.4852e+10,1.8897e+10,1.21,1656198347.11
237,"BMY","2015-12-31",11,-8.2e+08,53,2.385e+09,130,3.76e+08,76,1.2651e+10,0,-3.49e+08,-6.54e+08,6.55e+09,4.66e+09,-3.186e+09,1.565e+09,1.89e+09,11,9,115,5.92e+09,3.1748e+10,1.4266e+10,1.7482e+10,0.94,1664893617.02
240,"BSX","2014-12-31",2,-2.59e+08,21,5.87e+08,127,7.34e+08,70,5.17e+09,2.16e+08,-1.2e+07,1.023e+09,3.841e+09,0,3.7e+08,-1.19e+08,-3.01e+08,4,2,93,8.17e+08,1.7024e+10,6.457e+09,1.0567e+10,-0.09,1322222222.22
241,"BSX","2015-12-31",4,-2.47e+08,13,3.19e+08,143,8.05e+08,71,5.304e+09,2.84e+08,-2.05e+08,3.17e+08,5.674e+09,0,-2.68e+08,-2.39e+08,-3.27e+08,4,3,101,8.76e+08,1.8133e+10,6.32e+09,1.1813e+10,-0.18,1327777777.78
243,"BWA","2014-12-31",18,-5.63e+08,37,797800000,137,330400000,21,1756400000,36400000,0,100400000,716300000,403300000,-141700000,655800000,963700000,12,8,114,0,7.228e+09,3616200000,3611800000,2.89,226920415.225
244,"BWA","2015-12-31",17,-577300000,25,577700000,133,320200000,21,1703100000,60400000,13100000,57700000,2108900000,460900000,-220100000,609700000,939700000,12,8,102,0,8825700000,3553700000,5.272e+09,2.72,224154411.765
263,"CAT","2014-12-31",15,-3.379e+09,26,7.341e+09,139,3.163e+09,25,1.3842e+10,4.84e+08,-1.275e+09,1.61e+08,2.7784e+10,1.6265e+10,1.26e+09,2.452e+09,3.314e+09,6,4,96,2.38e+09,8.4681e+10,1.6746e+10,6.7935e+10,5.99,409348914.858
264,"CAT","2015-12-31",17,-3.261e+09,25,6.46e+09,128,3.046e+09,27,1.2878e+10,5.07e+08,-6.8e+08,-2.4e+09,2.5169e+10,1.4821e+10,-8.81e+08,2.512e+09,3.785e+09,8,5,91,2.119e+09,7.8342e+10,1.4809e+10,6.3533e+10,3.54,709604519.774
272,"CBG","2014-12-31",21,-182203000,26,768974000,115,278256000,11,999696000,112035000,43419000,333908000,1808605000,218280000,248972000,484503000,792254000,9,5,115,0,7568010000,2259830000,5308180000,1.47,329593877.551
273,"CBG","2015-12-31",20,-141517000,12,613167000,106,326407000,10,1139269000,118880000,118654000,320914000,2645111000,217943000,-200481000,547132000,835944000,8,5,106,0,11017943000,2712652000,8305291000,1.64,333617073.171
276,"CCI","2014-12-31",6,-758535000,32,298723000,138,1066635000,63,2232150000,573291000,0,411005000,11807526000,1202058000,-47774000,390513000,940682000,27,11,138,0,21143276000,6716225000,14427051000,1.04,375493269.231
277,"CCI","2015-12-31",21,-908892000,36,309541000,115,1073304000,64,2342425000,527128000,54475000,320625000,12143019000,1306408000,3190000,1520992000,946180000,26,42,115,0,22036245000,7089221000,14947024000,4.44,342565765.766
283,"CELG","2014-12-31",31,-150300000,357,4121600000,460,369400000,95,7284500000,176100000,-552900000,267300000,6265700000,0,887200000,1999900000,2.519e+09,33,26,441,2430600000,17340100000,6524800000,10815300000,2.49,803172690.763
284,"CELG","2015-12-31",27,-286300000,333,4880300000,477,4.02e+08,95,8835900000,310600000,1729800000,625300000,14161400000,0,758700000,1.602e+09,2254600000,24,17,455,3697300000,26964400000,5.919e+09,21045400000,2.02,793069306.931
292,"CF","2014-12-31",52,-1808500000,213,2082700000,258,392500000,37,1778500000,178200000,5e+06,94800000,4592500000,861500000,285800000,2183500000,2366500000,50,46,238,0,11254200000,4209700000,7044500000,27.16,80393961.7084
293,"CF","2015-12-31",16,-2469300000,25,308800000,93,479600000,36,1547100000,133200000,12800000,-2.7e+08,5592700000,297800000,-1710600000,664900000,1193100000,28,15,66,0,12738900000,4035200000,8703700000,2.97,223872053.872
300,"CHD","2014-12-31",20,-70500000,47,4.23e+08,112,91200000,44,1452900000,27400000,0,19900000,6.9e+08,24800000,-73900000,413900000,641200000,19,13,85,0,4359200000,2101900000,2257300000,3.06,135261437.908
301,"CHD","2015-12-31",20,-61800000,38,3.3e+08,104,1.01e+08,45,1511800000,30500000,0,51500000,692800000,8400000,-9.3e+07,410400000,674200000,20,12,72,0,4256900000,2023200000,2233700000,3.13,131118210.863
304,"CHK","2014-12-31",11,-6.618e+09,73,4.146e+09,132,2.915e+09,31,7.076e+09,8.9e+07,2.22e+08,-4.91e+08,1.1154e+10,2.71e+08,3.271e+09,1.917e+09,3.477e+09,15,8,132,0,4.0751e+10,1.6903e+10,2.2546e+10,1.93,993264248.705
305,"CHK","2015-12-31",687,-3.771e+09,22,8.25e+08,67,2.229e+09,19,2.469e+09,3.17e+08,-1e+07,-2.22e+09,1.0354e+10,3.82e+08,-3.283e+09,-1.4685e+10,-1.8919e+10,148,115,67,0,1.7357e+10,2.138e+09,1.496e+10,-22.43,654703522.069
308,"CHRW","2014-12-31",43,-22364000,31,488328000,134,57009000,15,2007652000,24987000,0,78436000,5e+08,0,-33107000,449711000,748418000,6,3,134,0,3214338000,1047015000,2167323000,3.06,146964379.085
309,"CHRW","2015-12-31",44,-28115000,12,168229000,119,66409000,17,2268480000,35529000,0,-25358000,5e+08,0,39289000,509699000,858310000,6,4,119,0,3184358000,1150450000,2033908000,3.52,144800852.273
311,"CHTR","2014-12-31",125,-2.221e+09,0,3e+06,21,2.102e+09,34,3.135e+09,9.11e+08,0,1.58e+08,2.0887e+10,0,-1.8e+07,-1.83e+08,9.71e+08,11,2,21,0,2.4388e+10,1.46e+08,2.4242e+10,-1.7,107647058.824
312,"CHTR","2015-12-31",589,-1.84e+09,0,5e+06,17,2.125e+09,34,3.328e+09,1.306e+09,0,3.19e+08,3.5723e+10,0,2e+06,-2.71e+08,1.114e+09,11,3,17,0,3.9316e+10,-4.6e+07,3.9362e+10,-2.43,111522633.745
324,"CL","2014-12-31",190,-7.57e+08,28,1.089e+09,123,4.42e+08,59,1.0109e+10,0,-5.7e+07,5.7e+07,5.644e+09,0,1.27e+08,2.18e+09,3.557e+09,21,13,88,0,1.3459e+10,1.145e+09,1.2314e+10,2.38,915966386.555
325,"CL","2015-12-31",463,-6.91e+08,27,9.7e+08,124,4.49e+08,59,9.399e+09,0,-1.43e+08,-6.7e+07,6.269e+09,0,-1.19e+08,1.384e+09,2.789e+09,17,9,91,0,1.1958e+10,-2.99e+08,1.2257e+10,1.53,904575163.399
339,"CMG","2014-12-31",22,-252590000,309,419465000,350,110474000,27,1117756000,0,-266254000,42032000,0,496106000,96262000,445374000,710800000,17,11,344,0,2527317000,2012369000,514948000,14.35,31036515.6794
340,"CMG","2015-12-31",22,-257418000,237,248005000,291,130368000,26,1174287000,0,-206722000,16911000,0,622939000,-171460000,475602000,763589000,17,11,286,0,2725066000,2127974000,597092000,15.3,31085098.0392
343,"CMI","2014-12-31",21,-7.43e+08,60,2.301e+09,225,4.55e+08,25,4.861e+09,6.4e+07,-9e+06,6.94e+08,1.577e+09,9.81e+08,-3.98e+08,1.651e+09,2.365e+09,12,9,154,7.54e+08,1.5764e+10,7.749e+09,8.015e+09,9.04,182632743.363
344,"CMI","2015-12-31",19,-7.44e+08,48,1.711e+09,209,5.14e+08,26,4.947e+09,6.5e+07,-1.1e+07,-7e+07,1.576e+09,9.75e+08,-5.9e+08,1.399e+09,2.057e+09,11,7,138,7.35e+08,1.5134e+10,7.406e+09,7.728e+09,7.86,177989821.883
347,"CMS","2014-12-31",13,-1.577e+09,13,2.44e+08,133,6.85e+08,29,2.089e+09,4.1e+08,-2.55e+08,5e+07,8.139e+09,8.68e+08,4.5e+07,4.92e+08,1.152e+09,16,7,86,0,1.9185e+10,3.67e+09,1.5478e+10,1.76,279545454.545
348,"CMS","2015-12-31",14,-1.564e+09,12,2.85e+08,101,7.5e+08,34,2.175e+09,4e+08,-3.85e+08,-2.6e+07,8.518e+09,1.091e+09,3.9e+07,5.37e+08,1.163e+09,18,8,67,0,2.0299e+10,3.938e+09,1.6324e+10,1.9,282631578.947
356,"CNP","2014-12-31",13,-1.372e+09,44,2.98e+08,117,1.041e+09,25,2.336e+09,4.71e+08,-1e+06,-5e+06,8.009e+09,4.916e+09,9e+07,6.11e+08,9.35e+08,10,7,103,0,2.32e+10,4.548e+09,1.8652e+10,1.42,430281690.141
357,"CNP","2015-12-31",20,-1.584e+09,43,2.64e+08,109,9.97e+08,31,2.277e+09,4.57e+08,1.8e+08,-2.76e+08,7.901e+09,2.993e+09,-3.4e+07,-6.92e+08,9.33e+08,13,9,95,0,2.1334e+10,3.461e+09,1.7873e+10,-1.61,429813664.596
364,"COG","2014-12-31",5,-1479632000,4,20954000,83,637514000,76,1648131000,73785000,-252794000,-31399000,1.752e+09,68029000,-2446000,104468000,106186000,5,5,80,0,5437716000,2142733000,3294983000,0.25,417872000
365,"COG","2015-12-31",6,-955602000,0,514000,61,626665000,57,776156000,96911000,-45385000,-65244000,2.005e+09,103517000,-20440000,-113891000,-90362000,7,8,54,0,5261899000,2009188000,3252711000,-0.28,406753571.429
406,"CTL","2014-12-31",5,-3.047e+09,3,1.28e+08,69,4.407e+09,56,1.0185e+10,1.311e+09,0,-1.98e+08,1.9953e+10,0,-4e+07,7.72e+08,2.41e+09,13,4,69,0,4.9103e+10,1.5023e+10,3.408e+10,1.36,567647058.824
407,"CTL","2015-12-31",6,-2.872e+09,3,1.26e+08,58,4.186e+09,57,1.0122e+10,1.312e+09,0,-2.77e+08,1.8722e+10,0,-2e+06,8.78e+08,2.605e+09,15,5,58,0,4.7604e+10,1.406e+10,3.3544e+10,1.58,555696202.532
410,"CTSH","2014-12-31",19,-212200000,146,2010100000,248,208100000,40,4121600000,2500000,-257100000,137800000,937500000,0,-202900000,1439300000,1884900000,18,14,248,0,1.1479e+10,7740200000,3738800000,2.37,607299578.059
411,"CTSH","2015-12-31",17,-272800000,182,2125200000,291,3.3e+08,40,4975800000,17700000,-1096100000,502200000,881200000,0,115100000,1623600000,2.142e+09,17,13,291,0,13065400000,9278100000,3787300000,2.67,608089887.64
413,"CTXS","2014-12-31",12,-165417000,50,260149000,106,353563000,80,2522637000,28332000,-289305000,135634000,1292953000,1073110000,-20591000,251723000,302311000,10,8,105,553817000,5512007000,2173645000,3338362000,1.48,170083108.108
414,"CTXS","2015-12-31",16,-160825000,52,368518000,100,428892000,81,2661230000,44153000,205987000,229152000,1311071000,891964000,108369000,319361000,350085000,11,10,100,563975000,5467517000,1973446000,3494071000,2.01,158886069.652
417,"CVS","2014-12-31",12,-2.136e+09,13,2.481e+09,137,1.931e+09,18,2.5367e+10,6e+08,5.19e+08,2.815e+09,1.163e+10,0,-1.608e+09,4.644e+09,8.799e+09,6,3,74,0,7.4187e+10,3.7958e+10,3.6229e+10,3.98,1166834170.85
418,"CVS","2015-12-31",14,-2.367e+09,11,2.459e+09,126,2.092e+09,17,2.6528e+10,8.38e+08,3.87e+08,3.495e+09,2.6267e+10,0,-2.2e+07,5.237e+09,9.454e+09,6,3,65,0,9.2437e+10,3.7196e+10,5.5241e+10,4.66,1123819742.49
422,"CVX","2014-12-31",12,-3.5407e+10,41,1.2785e+10,132,1.6793e+10,28,5.5538e+10,0,-3.55e+08,-3.92e+08,2.4028e+10,2.9729e+10,-3.46e+09,1.9241e+10,1.9726e+10,10,10,112,0,2.66026e+11,1.55028e+11,1.10998e+11,10.21,1884524975.51
423,"CVX","2015-12-31",3,-2.9504e+10,43,1.1022e+10,134,2.1037e+10,29,3.714e+10,0,1.66e+08,-8.68e+08,3.3664e+10,2.9522e+10,-1.763e+09,4.587e+09,-3.71e+09,3,4,110,0,2.66103e+11,1.52716e+11,1.13387e+11,2.46,1864634146.34
426,"CXO","2014-12-31",10,-2589234000,0,21000,94,986812000,80,2121773000,216661000,41933000,82693000,3469137000,262349000,0,538175000,1089745000,41,20,94,0,11751780000,5280788000,6470992000,4.89,110056237.219
427,"CXO","2015-12-31",1,-2511403000,38,228550000,220,1230853000,70,1262214000,215384000,541574000,-73721000,3332188000,167038000,228529000,65900000,381003000,21,4,220,0,12641876000,6942551000,5699325000,0.54,122037037.037
430,"D","2014-12-31",11,-5.345e+09,8,6.05e+08,78,1.56e+09,37,4.555e+09,1.193e+09,-2.5e+07,-2.43e+08,2.1805e+10,5.561e+09,2e+06,1.31e+09,2.721e+09,22,11,58,0,5.4327e+10,1.1555e+10,4.2772e+10,2.25,582222222.222
431,"D","2015-12-31",15,-5.575e+09,8,6.23e+08,52,1.669e+09,47,5.482e+09,9.04e+08,-9.01e+08,-2.51e+08,2.3616e+10,5.774e+09,2.89e+08,1.899e+09,3.536e+09,30,16,35,0,5.8797e+10,1.2664e+10,4.6133e+10,3.21,591588785.047
433,"DAL","2014-12-31",7,-2.249e+09,26,3.166e+09,54,1.771e+09,43,1.7395e+10,6.5e+08,-2.62e+08,-1e+08,8.477e+09,0,-7.56e+08,6.59e+08,2.206e+09,5,2,49,0,5.4005e+10,8.813e+09,4.5192e+10,0.79,834177215.19
434,"DAL","2015-12-31",42,-2.945e+09,31,3.959e+09,52,1.835e+09,58,2.3608e+10,4.81e+08,-7.59e+08,-2.95e+08,6.766e+09,0,-1.16e+08,4.526e+09,7.802e+09,19,11,48,0,5.3134e+10,1.085e+10,4.2284e+10,5.68,796830985.915
437,"DD","2014-12-31",27,-2.02e+09,51,6.91e+09,189,1.617e+09,40,1.1383e+10,3.77e+08,4.44e+08,-8.7e+08,9.233e+09,7.62e+08,-2.031e+09,3.625e+09,3.889e+09,14,13,140,1.958e+09,5.049e+10,1.332e+10,3.717e+10,3.95,917721518.987
438,"DD","2015-12-31",20,-1.629e+09,60,5.3e+09,169,1.466e+09,40,1.0018e+10,3.42e+08,-1.61e+08,-1.302e+09,7.642e+09,6.88e+08,-1.61e+09,1.953e+09,3.046e+09,12,8,109,1.898e+09,4.1166e+10,9.993e+09,3.1173e+10,2.17,9e+08
454,"DGX","2014-12-31",13,-3.08e+08,11,1.92e+08,94,3.14e+08,38,2.798e+09,1.64e+08,1.1e+07,-1.6e+07,3.224e+09,4.6e+07,5e+06,5.56e+08,9.83e+08,13,7,87,0,9.857e+09,4.301e+09,5.556e+09,3.83,145169712.794
455,"DGX","2015-12-31",15,-2.63e+08,11,1.33e+08,128,3.04e+08,38,2.836e+09,1.53e+08,-3.2e+07,-7.2e+07,3.492e+09,4.73e+08,-5.9e+07,7.09e+08,1.399e+09,19,9,121,0,9.962e+09,4.684e+09,5.278e+09,4.92,144105691.057
462,"DHR","2014-12-31",11,-580600000,56,3005600000,175,889500000,52,9892600000,119100000,253800000,2.27e+08,3401500000,0,-109600000,2598400000,3346600000,17,14,142,1.157e+09,36991700000,23378100000,13613600000,3.7,702270270.27
463,"DHR","2015-12-31",14,-6.33e+08,13,790800000,127,1051300000,52,10762500000,162800000,-44100000,221800000,12025200000,0,-2214800000,3357400000,3469100000,17,16,93,1239100000,48222200000,23690300000,24531900000,4.81,698004158.004
477,"DLPH","2014-12-31",54,-7.79e+08,22,8.6e+08,134,5.49e+08,20,3.028e+09,1.35e+08,0,-1.6e+08,2.392e+09,9.8e+07,-4.85e+08,1.351e+09,1.758e+09,11,9,108,0,1.0721e+10,2.51e+09,8.211e+09,4.5,300222222.222
478,"DLPH","2015-12-31",64,-7.04e+08,14,5.36e+08,130,5.51e+08,20,3.01e+09,1.27e+08,0,-5.8e+07,3.956e+09,9.4e+07,-3.25e+08,1.45e+09,1.723e+09,11,10,100,0,1.1973e+10,2.25e+09,9.723e+09,5.08,285433070.866
490,"DNB","2014-12-31",24,-9800000,27,316300000,80,85400000,100,1584500000,43300000,-7700000,-60900000,1352200000,10400000,83500000,294400000,411400000,26,19,80,0,1986200000,-1203300000,3189500000,8.06,36526054.5906
491,"DNB","2015-12-31",15,-12800000,38,365700000,100,98500000,100,1637100000,5.1e+07,-21900000,4400000,1804100000,4200000,46300000,168800000,3.37e+08,21,10,100,0,2273600000,-1116800000,3390400000,4.68,36068376.0684
493,"DOV","2014-12-31",21,-166033000,33,681581000,139,307188000,38,2974249000,131689000,0,43213000,2253041000,0,-122301000,775235000,1215484000,16,10,97,0,9030291000,3700725000,5329566000,4.65,166717204.301
494,"DOV","2015-12-31",24,-154251000,26,362185000,177,327089000,37,2568144000,131676000,-17752000,-108335000,2603655000,0,-319396000,869829000,920762000,13,13,118,0,8606076000,3644575000,4961501000,5.52,157577717.391
497,"DPS","2014-12-31",31,-1.7e+08,23,2.37e+08,117,1.7e+08,59,3.63e+09,1.09e+08,0,7.5e+07,2.58e+09,1.4e+07,9e+07,7.03e+08,1.18e+09,19,11,97,0,8.265e+09,2.294e+09,5.971e+09,3.59,195821727.019
498,"DPS","2015-12-31",35,-1.79e+08,58,9.11e+08,115,1.63e+08,59,3.723e+09,1.17e+08,-3.5e+07,2.2e+07,2.875e+09,3.1e+07,6.83e+08,7.64e+08,1.298e+09,21,12,102,0,8.869e+09,2.183e+09,6.686e+09,4,1.91e+08
506,"DUK","2014-12-31",5,-5.384e+09,18,2.036e+09,103,3.507e+09,40,9.602e+09,1.622e+09,5.8e+07,-3.6e+07,3.7061e+10,5.904e+09,5.35e+08,1.883e+09,5.258e+09,22,8,72,0,1.20557e+11,4.0875e+10,7.9682e+10,2.66,707894736.842
507,"DUK","2015-12-31",7,-6.766e+09,8,8.57e+08,73,3.613e+09,41,9.731e+09,1.613e+09,1.374e+09,-1.19e+08,3.7495e+10,6.324e+09,-1.179e+09,2.816e+09,5.367e+09,23,12,40,0,1.21156e+11,3.9727e+10,8.1429e+10,4.05,695308641.975
510,"DVA","2014-12-31",14,-641330000,62,965241000,174,590935000,29,3675801000,0,-372078000,115837000,8298624000,155026000,18992000,723114000,1815141000,14,6,168,0,17617432000,5170513000,12446919000,3.41,212056891.496
511,"DVA","2015-12-31",6,-707998000,79,1499116000,188,638024000,29,3957003000,0,-97032000,256947000,9001308000,167490000,533875000,269732000,1170695000,8,2,180,0,18514875000,4870780000,13644095000,1.27,212387401.575
513,"DVN","2014-12-31",7,-1.345e+10,25,1.48e+09,109,3.571e+09,89,1.8306e+10,5.26e+08,5.7e+07,7.9e+07,9.83e+09,0,-4.586e+09,1.607e+09,4.698e+09,23,8,109,0,5.0637e+10,2.1539e+10,2.9098e+10,3.93,408905852.417
514,"DVN","2015-12-31",205,-6.415e+09,70,2.31e+09,122,3.385e+09,84,1.1041e+10,5.17e+08,0,-6e+06,1.2056e+10,0,8.3e+08,-1.4454e+10,-2.0727e+10,158,110,122,0,2.9451e+10,7.049e+09,2.2402e+10,-35.55,406582278.481
521,"EBAY","2014-12-31",0,-6.22e+08,45,4.105e+09,151,6.82e+08,81,7.127e+09,0,-6.37e+08,1.36e+08,6.777e+09,5.736e+09,1.834e+09,4.6e+07,2.476e+09,28,1,151,9.83e+08,4.5132e+10,1.9906e+10,2.5226e+10,0.04,1.15e+09
522,"EBAY","2015-12-31",26,-6.68e+08,271,1.832e+09,349,6.87e+08,79,6.821e+09,0,3.7e+07,-1e+06,6.749e+09,3.391e+09,-4.496e+09,1.725e+09,2.197e+09,26,20,349,9.23e+08,1.7755e+10,6.576e+09,1.1179e+10,1.43,1206293706.29
526,"ECL","2014-12-31",16,-748700000,5,209600000,111,8.72e+08,46,6601400000,256600000,7600000,309700000,4843400000,0,-129600000,1202800000,1.955e+09,14,8,78,0,19427400000,7315900000,12111500000,4.01,299950124.688
527,"ECL","2015-12-31",15,-7.71e+08,2,92800000,93,859500000,47,6321600000,243600000,108400000,62300000,4260200000,0,-116800000,1002100000,1561300000,12,7,64,0,18641700000,6909900000,11731800000,3.38,296479289.941
529,"ED","2014-12-31",9,0,19,6.99e+08,99,1.192e+09,40,5.112e+09,5.91e+08,-2.676e+09,2.17e+08,1.1546e+10,8.16e+08,2.5e+07,1.092e+09,2.209e+09,17,8,89,0,4.4071e+10,1.2576e+10,3.1495e+10,3.73,292761394.102
530,"ED","2015-12-31",9,0,20,9.44e+08,81,1.078e+09,44,5.494e+09,6.53e+08,-3.353e+09,2.01e+08,1.2006e+10,8.84e+08,2.49e+08,1.193e+09,2.427e+09,19,10,74,0,4.5642e+10,1.3052e+10,3.259e+10,4.07,293120393.12
534,"EFX","2014-12-31",17,-86400000,16,128300000,72,204200000,65,1591700000,68600000,-2500000,60800000,1145700000,0,-107600000,367400000,638200000,26,15,72,0,4.661e+09,2200100000,2460900000,3.03,121254125.413
535,"EFX","2015-12-31",19,-146200000,15,93300000,93,2e+08,67,1776200000,63800000,-1e+05,123800000,1145900000,0,-3.5e+07,429100000,693900000,26,16,93,0,4.509e+09,2310900000,2198100000,3.61,118864265.928
538,"EIX","2014-12-31",16,-3.906e+09,2,1.32e+08,65,1.815e+09,35,4.671e+09,5.6e+08,-4.4e+07,1.4e+07,1.0234e+10,5.225e+09,-1.4e+07,1.721e+09,2.472e+09,18,13,60,0,4.9734e+10,1.096e+10,3.8774e+10,4.95,347676767.677
539,"EIX","2015-12-31",10,-4.225e+09,3,1.61e+08,54,2.005e+09,37,4.268e+09,5.55e+08,3.74e+08,8e+06,1.0964e+10,4.618e+09,2.9e+07,1.117e+09,2.008e+09,17,10,48,0,5.031e+10,1.1368e+10,3.8942e+10,3.13,356869009.585
546,"EMN","2014-12-31",21,-5.93e+08,11,2.14e+08,157,4.5e+08,23,2.221e+09,1.87e+08,0,-1.95e+08,7.248e+09,0,-2.3e+07,7.51e+08,1.162e+09,12,8,82,2.27e+08,1.6072e+10,3.51e+09,1.2562e+10,5.03,149304174.95
547,"EMN","2015-12-31",22,-6.52e+08,14,2.93e+08,140,5.71e+08,27,2.58e+09,2.63e+08,0,-3.61e+08,6.608e+09,0,7.9e+07,8.48e+08,1.384e+09,14,9,68,2.51e+08,1.5611e+10,3.941e+09,1.167e+10,5.71,148511383.538
554,"EOG","2014-12-31",16,-8246805000,62,2087213000,160,3997041000,86,15500951000,201458000,0,635536000,5903354000,0,769004000,2915487000,5241823000,29,16,139,0,34762687000,17712582000,17050105000,5.36,543934141.791
555,"EOG","2015-12-31",35,-5013163000,39,718506000,142,3313644000,75,6579671000,237393000,0,-1463656000,6653685000,0,-1368707000,-4524515000,-6686079000,76,52,110,0,26975244000,12943035000,14032209000,-8.29,545779855.247
558,"EQIX","2014-12-31",11,-676994000,178,613974000,232,500358000,51,1245891000,270553000,239551000,275847000,4563126000,439000,349023000,-259547000,509266000,21,11,232,0,7781978000,2270131000,5511847000,-4.96,52328024.1935
559,"EQIX","2015-12-31",7,-906402000,164,2708255000,197,541630000,53,1434361000,299055000,514108000,126114000,5564542000,4584000,1617921000,187774000,567342000,21,7,197,0,10356695000,2745386000,7611309000,3.25,57776615.3846
565,"EQT","2014-12-31",8,-2451490000,129,1077429000,229,679298000,81,1944794000,136537000,0,30350000,2793479000,0,231788000,386965000,738307000,31,16,229,0,12035353000,4582815000,7452538000,2.55,151750980.392
566,"EQT","2015-12-31",2,-2434018000,201,1601232000,283,819216000,73,1430957000,146531000,0,-37623000,2793343000,77025000,523803000,85171000,177377000,9,4,283,0,13976172000,5077791000,8898381000,0.56,152091071.429
570,"ES","2014-12-31",8,-1603744000,1,38703000,86,625361000,43,3292717000,362106000,-2431000,-178481000,8568429000,515025000,-4661000,819546000,1632849000,21,11,75,0,29740387000,9976815000,19763572000,2.59,316427027.027
571,"ES","2015-12-31",8,-1724139000,1,23947000,88,688195000,44,3538633000,372420000,82051000,-61336000,8805574000,516478000,-14756000,878485000,1764164000,22,11,76,0,30580309000,10352215000,20228094000,2.77,317142599.278
582,"ETN","2014-12-31",11,-6.32e+08,19,7.81e+08,151,9.83e+08,31,6.906e+09,2.27e+08,5.22e+08,-4.8e+07,8.024e+09,0,-1.34e+08,1.793e+09,1.805e+09,8,8,106,6.47e+08,3.3529e+10,1.5786e+10,1.769e+10,3.78,474338624.339
583,"ETN","2015-12-31",13,-5.06e+08,10,2.68e+08,143,9.25e+08,31,6.563e+09,2.32e+08,3.7e+07,-2.33e+08,7.781e+09,0,-5.13e+08,1.979e+09,2.342e+09,11,9,93,6.25e+08,3.1031e+10,1.5186e+10,1.58e+10,4.25,465647058.824
586,"ETR","2014-12-31",10,-2119191000,37,1422026000,114,2127892000,35,4368734000,661083000,-70348000,1382824000,12416420000,5812335000,682900000,960257000,2006889000,16,8,85,0,46414455000,10101725000,36312730000,5.24,183255152.672
587,"ETR","2015-12-31",2,-2500860000,44,1350961000,132,2117236000,35,4063978000,670096000,-58211000,-520388000,13138557000,5822998000,-71065000,-156734000,-299165000,3,1,96,0,44647681000,9256791000,35390890000,-0.99,158317171.717
590,"EW","2014-12-31",37,-82900000,338,653800000,524,68600000,73,1697300000,17200000,-527400000,2.41e+08,598100000,246700000,233400000,811100000,1162500000,50,35,454,346500000,3.523e+09,2191400000,1331600000,7.62,106443569.554
591,"EW","2015-12-31",20,-102700000,257,718400000,430,65800000,75,1876500000,17200000,119600000,163900000,599900000,383500000,64600000,494900000,635700000,25,20,359,383100000,4059300000,2503100000,1556200000,2.3,215173913.043
598,"EXPD","2014-12-31",20,-37472000,98,927107000,233,49292000,30,1981427000,0,-1.4e+07,140426000,0,0,-320545000,376888000,594648000,9,6,233,0,2890905000,1868408000,1022497000,1.92,196295833.333
599,"EXPD","2015-12-31",27,-44383000,94,807796000,231,46012000,33,2187777000,0,40294000,-65782000,0,0,-119311000,457223000,721484000,11,7,231,0,2582438000,1691993000,890445000,2.42,188935123.967
601,"EXPE","2014-12-31",22,-328387000,43,1437588000,70,427601000,80,4584404000,98089000,-37134000,440767000,1746787000,286882000,381667000,398097000,517764000,9,7,70,0,9020538000,1784267000,7236271000,3.09,128833980.583
602,"EXPE","2015-12-31",16,-787041000,29,1687623000,50,671206000,80,5362758000,126195000,-56180000,325589000,3183140000,642802000,273599000,764465000,413566000,6,11,50,0,15485675000,4864394000,10621281000,5.87,130232538.33
609,"F","2014-12-31",5,-7.463e+09,155,1.0757e+10,658,7.423e+09,8,1.2174e+10,7.97e+08,3.8348e+10,5.729e+09,1.19171e+11,3.357e+09,-3.711e+09,1.231e+09,3.32e+08,0,1,619,0,2.08615e+11,2.4438e+10,1.84177e+11,0.81,1519753086.42
610,"F","2015-12-31",26,-7.196e+09,43,1.4272e+10,125,7.966e+09,12,1.8149e+10,7.73e+08,3.7751e+10,7.758e+09,8.9879e+10,4.8778e+10,3.515e+09,7.373e+09,7.647e+09,5,5,114,0,2.24925e+11,2.8642e+10,1.96283e+11,1.86,3963978494.62
613,"FAST","2014-12-31",26,-189474000,31,114496000,422,72672000,51,1897402000,915000,451000,72169000,0,0,55990000,494150000,787590000,21,13,190,0,2359102000,1915217000,443885000,1.67,295898203.593
614,"FAST","2015-12-31",29,-155168000,35,129019000,446,86598000,50,1948934000,3108000,0,5148000,302950000,0,14523000,516361000,828755000,21,13,201,0,2532462000,1801289000,731173000,1.77,291729378.531
617,"FB","2014-12-31",8,-1.831e+09,786,4.315e+09,940,1.243e+09,83,1.0313e+10,0,1.243e+09,6.87e+08,1.19e+08,0,9.92e+08,2.925e+09,4.994e+09,40,23,940,2.666e+09,3.9966e+10,3.6096e+10,3.87e+09,1.12,2611607142.86
618,"FB","2015-12-31",8,-2.523e+09,958,4.907e+09,1125,1.945e+09,84,1.5061e+10,0,-6.7e+09,1.904e+09,1.07e+08,0,5.92e+08,3.669e+09,6.225e+09,35,20,1125,4.816e+09,4.9407e+10,4.4218e+10,5.189e+09,1.31,2800763358.78
622,"FBHS","2014-12-31",7,-127500000,27,191900000,186,98800000,34,1366900000,10400000,0,-95600000,643700000,0,-49500000,158100000,403500000,10,4,120,0,4052900000,2259500000,1793400000,0.98,161326530.612
623,"FBHS","2015-12-31",13,-128500000,31,238500000,187,115700000,35,1581900000,31900000,0,41200000,1171600000,0,46600000,3.15e+08,496100000,11,7,114,0,4878600000,2450900000,2427700000,1.97,159898477.157
626,"FCX","2014-12-31",3,-7.215e+09,9,4.64e+08,175,4.063e+09,9,1.934e+09,6.3e+08,0,-5.98e+08,1.8371e+10,0,-1.521e+09,-5.51e+08,9.7e+07,0,3,71,1.26e+08,5.8674e+10,1.8287e+10,4.0387e+10,-1.26,437301587.302
627,"FCX","2015-12-31",155,-6.353e+09,5,2.24e+08,173,3.706e+09,80,-1.2647e+10,6.45e+08,0,-9.16e+08,1.9779e+10,0,-2.4e+08,-1.2156e+10,-1.3382e+10,84,77,62,1.27e+08,4.6577e+10,7.828e+09,3.8749e+10,-11.31,1074801061.01
642,"FIS","2014-12-31",11,-148500000,31,492800000,155,6.46e+08,33,2085500000,172800000,0,22700000,5054600000,0,-54700000,706900000,1270600000,20,11,155,0,14520500000,6556700000,7963800000,2.38,297016806.723
643,"FIS","2015-12-31",7,-133300000,29,687600000,149,680300000,33,2.202e+09,199100000,0,91100000,11497800000,0,194800000,650800000,1099200000,17,10,149,0,26268800000,9.321e+09,16947800000,2.22,293153153.153
646,"FISV","2014-12-31",23,-2.92e+08,20,2.94e+08,97,4.04e+08,43,2.185e+09,1.63e+08,7e+06,1.77e+08,3.698e+09,0,-1.06e+08,7.54e+08,1.21e+09,24,15,97,0,9.308e+09,3.295e+09,6.013e+09,3.03,248844884.488
647,"FISV","2015-12-31",27,-3.59e+08,18,2.75e+08,100,4.17e+08,45,2.345e+09,1.69e+08,1e+06,1.44e+08,4.288e+09,0,-1.9e+07,7.12e+08,1.311e+09,25,14,100,0,9.34e+09,2.66e+09,6.68e+09,3.04,234210526.316
654,"FLIR","2014-12-31",12,-61262000,172,531374000,420,57245000,49,750373000,14593000,0,27961000,357986000,0,-11102000,200261000,259244000,17,13,316,142751000,2349311000,1609773000,739538000,1.42,141028873.239
655,"FLIR","2015-12-31",15,-68234000,81,472785000,220,49534000,48,753561000,14086000,0,16460000,93750000,0,-58589000,241686000,305764000,20,16,153,132892000,2406400000,1649515000,756885000,1.73,139702890.173
657,"FLR","2014-12-31",16,-324704000,63,1993125000,173,240826000,6,1399033000,29681000,14203000,0,991685000,533449000,-290457000,510909000,1216322000,6,2,125,0,8194429000,3110871000,5083558000,3.24,157687962.963
658,"FLR","2015-12-31",14,-240220000,73,1949886000,174,250791000,6,1094696000,44770000,-65719000,0,986564000,558564000,-43239000,412512000,686471000,4,2,127,0,7625406000,2997347000,4628059000,2.85,144741052.632
661,"FLS","2014-12-31",27,-132619000,31,450350000,190,110277000,35,1714617000,60322000,0,15286000,1101791000,0,86546000,518824000,789832000,16,11,122,0,4968020000,1931562000,3036458000,3.79,136892875.989
662,"FLS","2015-12-31",16,-181861000,27,366444000,184,127087000,33,1487318000,65270000,0,-101670000,1560562000,0,-83906000,267669000,525568000,12,6,110,0,4980657000,1666477000,3314180000,2.01,133168656.716
666,"FMC","2014-12-31",20,-182200000,6,109500000,154,93500000,37,1210900000,51400000,27500000,-26200000,1138900000,5500000,-13700000,307500000,414800000,13,9,122,126300000,5.326e+09,1530500000,3795500000,2.3,133695652.174
667,"FMC","2015-12-31",26,-108500000,5,78600000,204,115700000,33,1075400000,81400000,66400000,-585500000,2036300000,2500000,-30900000,4.89e+08,-50200000,2,15,149,143700000,6325900000,1865700000,4460200000,3.66,133606557.377
674,"FSLR","2014-12-31",8,-257549000,199,1482054000,308,245798000,24,824941000,1982000,-125638000,-470289000,162074000,264156000,156982000,395964000,421999000,12,12,257,143969000,6720991000,4991487000,1729504000,3.97,99739042.8212
675,"FSLR","2015-12-31",10,-166438000,190,1126826000,348,257825000,26,919267000,6975000,11088000,-34060000,251325000,417692000,-355228000,546421000,516664000,14,15,309,130593000,7316331000,5548487000,1767844000,5.42,100815682.657
678,"FTR","2014-12-31",4,-6.88e+08,45,6.82e+08,94,1.149e+09,100,4.772e+09,6.96e+08,1.1e+07,9e+07,9.393e+09,0,-1.98e+08,1.33e+08,8.2e+08,17,3,94,0,1.881e+10,3.658e+09,1.5152e+10,0.13,1023076923.08
679,"FTR","2015-12-31",3,-8.63e+08,496,9.38e+09,535,1.511e+09,100,5.576e+09,1.113e+09,-8.444e+09,1.02e+08,1.5508e+10,0,2.54e+08,-1.96e+08,7.45e+08,13,4,535,0,2.7084e+10,5.614e+09,2.147e+10,-0.29,675862068.966
681,"GD","2014-12-31",21,-5.21e+08,32,4.388e+09,127,4.96e+08,19,5.873e+09,0,-5e+08,3.01e+08,3.392e+09,0,-9.13e+08,2.533e+09,3.889e+09,13,8,103,0,3.5337e+10,1.1829e+10,2.3508e+10,7.56,335052910.053
682,"GD","2015-12-31",28,-5.69e+08,22,2.785e+09,117,4.82e+08,19,6.13e+09,0,5e+08,-1.897e+09,2.898e+09,0,-1.603e+09,2.965e+09,4.178e+09,13,9,90,0,3.1997e+10,1.0738e+10,2.1259e+10,9.23,321235102.925
690,"GILD","2014-12-31",78,-5.57e+08,176,1.0027e+10,307,1.05e+09,85,2.1102e+10,4.12e+08,-1.266e+09,2.288e+09,1.1921e+10,1.598e+09,7.914e+09,1.2101e+10,1.5265e+10,61,49,283,2.854e+09,3.4664e+10,1.5426e+10,1.9238e+10,7.95,1522138364.78
691,"GILD","2015-12-31",98,-7.47e+08,148,1.2851e+10,250,1.098e+09,88,2.8633e+10,6.88e+08,-1.1728e+10,3.501e+09,2.1195e+10,1.1601e+10,2.824e+09,1.8108e+10,2.2193e+10,68,55,231,3.014e+09,5.1839e+10,1.8534e+10,3.3305e+10,12.37,1463864187.55
697,"GLW","2014-12-31",11,-1.076e+09,261,5.309e+09,441,1.2e+09,42,4.052e+09,1.23e+08,-3.17e+08,-3e+06,3.227e+09,1.801e+09,6.05e+08,2.472e+09,1.931e+09,20,25,384,8.15e+08,3.0063e+10,2.1579e+10,8.484e+09,1.82,1358241758.24
698,"GLW","2015-12-31",7,-1.25e+09,163,4.5e+09,294,1.184e+09,40,3.653e+09,1.4e+08,6.33e+08,-1.46e+08,3.89e+09,1.975e+09,-8.09e+08,1.339e+09,1.322e+09,15,15,245,7.69e+08,2.8527e+10,1.8788e+10,9.739e+09,1.02,1312745098.04
701,"GM","2014-12-31",11,-7.091e+09,45,2.0292e+10,127,7.238e+09,9,1.3808e+10,4.03e+08,-8.526e+09,0,3.1721e+10,2.4356e+10,-8.53e+08,3.949e+09,1.53e+09,1,3,107,0,1.77501e+11,3.5457e+10,1.42044e+11,1.75,2256571428.57
702,"GM","2015-12-31",24,-7.874e+09,33,1.5238e+10,97,8.017e+09,12,1.8302e+10,4.43e+08,-1.8973e+10,0,4.3549e+10,2.7701e+10,-3.857e+09,9.687e+09,4.897e+09,3,6,78,0,1.94338e+11,3.9871e+10,1.54467e+11,6.11,1585433715.22
706,"GPC","2014-12-31",22,-107681000,4,137730000,156,148313000,30,4593761000,25088000,0,292257000,5e+08,0,-59163000,711286000,1124226000,7,5,71,0,8246238000,3301248000,4944990000,4.64,153294396.552
707,"GPC","2015-12-31",22,-109544000,5,211631000,141,141675000,30,4555852000,21662000,0,331419000,2.5e+08,0,73901000,705672000,1124414000,7,5,65,0,8144771000,3146567000,4998204000,4.65,151757419.355
721,"GT","2014-12-31",68,-9.23e+08,46,2.161e+09,151,7.46e+08,23,4.232e+09,4.44e+08,2.3e+07,1.42e+08,6.216e+09,0,-8.35e+08,2.452e+09,1.417e+09,8,14,95,0,1.8044e+10,3.61e+09,1.4434e+10,9.13,268565169.77
722,"GT","2015-12-31",8,-9.83e+08,30,1.476e+09,124,7.21e+08,26,4.279e+09,4.38e+08,-8e+06,1.16e+08,5.074e+09,0,-6.85e+08,3.07e+08,1.551e+09,9,2,74,0,1.6391e+10,3.92e+09,1.2471e+10,1.14,269298245.614
726,"GWW","2014-12-31",25,-387390000,18,226644000,235,208326000,43,4314242000,10093000,0,74252000,403333000,0,-2.04e+08,801729000,1347117000,14,8,128,0,5283049000,3209872000,2073177000,11.59,69174201.8982
727,"GWW","2015-12-31",34,-373868000,16,290136000,170,227967000,42,4231428000,33571000,-20382000,-67954000,1388414000,0,63492000,768996000,1300320000,13,8,91,0,5857755000,2266634000,3591121000,11.69,65782378.1009
729,"HAL","2014-12-31",22,-3.283e+09,39,2.291e+09,250,2.126e+09,17,5.536e+09,0,0,4.89e+08,7.765e+09,0,-6.5e+07,3.5e+09,5.097e+09,16,11,189,0,3.2165e+10,1.6267e+10,1.5898e+10,4.13,847457627.119
730,"HAL","2015-12-31",4,-2.184e+09,189,1.0077e+10,376,1.835e+09,11,2.52e+09,0,0,-6.03e+08,1.4687e+10,0,7.786e+09,-6.71e+08,-1.65e+08,1,3,320,0,3.6942e+10,1.5462e+10,2.148e+10,-0.79,849367088.608
750,"HCA","2014-12-31",24,-2.176e+09,10,5.66e+08,163,1.862e+09,83,3.0656e+10,1.743e+09,-3.7e+07,4.44e+08,2.9088e+10,6.59e+08,1.52e+08,1.875e+09,5.565e+09,15,5,140,0,3.098e+10,-7.894e+09,3.8874e+10,4.3,436046511.628
751,"HCA","2015-12-31",28,-2.375e+09,13,7.41e+08,167,1.939e+09,83,3.304e+10,1.665e+09,6.3e+07,1.92e+08,3.0255e+10,6.1e+08,1.75e+08,2.129e+09,5.965e+09,15,5,141,0,3.2744e+10,-7.599e+09,4.0343e+10,5.14,414202334.63
766,"HES","2014-12-31",10,-5.214e+09,50,2.444e+09,130,3.224e+09,65,6.984e+09,3.23e+08,0,-2.9e+07,5.919e+09,0,6.3e+08,2.317e+09,2.057e+09,19,22,119,0,3.8407e+10,2.2205e+10,1.6202e+10,7.63,303669724.771
767,"HES","2015-12-31",16,-4.321e+09,103,2.716e+09,168,3.955e+09,50,3.313e+09,3.41e+08,0,-6.46e+08,6.544e+09,0,2.72e+08,-3.056e+09,-3.842e+09,58,46,152,0,3.4195e+10,1.9386e+10,1.4809e+10,-10.78,283487940.631
774,"HOG","2014-12-31",29,-232319000,44,1005307000,165,0,39,2440485000,4162000,-514168000,0,3761528000,4516246000,-159932000,844611000,1280983000,21,14,146,0,9528097000,2909286000,6618811000,3.9,216566923.077
775,"HOG","2015-12-31",41,-259974000,31,810476000,145,0,40,2375790000,12117000,-603438000,0,4845388000,4814571000,-184471000,752207000,1155695000,19,13,123,0,9991167000,1839654000,8151513000,3.71,202751212.938
781,"HON","2014-12-31",24,-1.094e+09,62,6.959e+09,150,9.24e+08,28,1.1349e+10,0,-7.86e+08,4.88e+08,6.046e+09,9.19e+08,5.37e+08,4.239e+09,5.831e+09,14,11,120,0,4.5451e+10,1.7657e+10,2.7794e+10,5.4,7.85e+08
782,"HON","2015-12-31",26,-1.073e+09,41,5.455e+09,109,8.83e+08,31,1.1834e+10,0,-1.27e+08,-6.84e+08,5.554e+09,9.43e+08,-1.504e+09,4.768e+09,6.828e+09,18,12,85,0,4.9316e+10,1.8283e+10,3.1033e+10,6.11,780360065.466
813,"HST","2014-12-31",10,-3.06e+08,110,6.84e+08,110,7.25e+08,62,3.321e+09,2.14e+08,-1.35e+08,-5.7e+07,3.957e+09,5.03e+08,-1.77e+08,7.32e+08,7.1e+08,13,14,110,0,1.2172e+10,7.336e+09,4.836e+09,0.34,2152941176.47
814,"HST","2015-12-31",8,-3.97e+08,47,2.54e+08,47,7.37e+08,63,3.375e+09,2.34e+08,-1.73e+08,-5.6e+07,4.017e+09,4.01e+08,-4.45e+08,5.58e+08,6.5e+08,12,10,47,0,1.1784e+10,7.064e+09,4.72e+09,0.22,2536363636.36
825,"IBM","2014-12-31",101,-3.74e+09,21,8.476e+09,120,4.492e+09,50,4.6407e+10,4.84e+08,-9.23e+08,-1.111e+09,3.4991e+10,1.6629e+10,-2.24e+09,1.2022e+10,1.8532e+10,20,13,114,5.437e+09,1.17271e+11,1.1868e+10,1.05403e+11,11.97,1004344193.82
826,"IBM","2015-12-31",92,-3.579e+09,24,7.686e+09,124,3.855e+09,50,4.0684e+10,4.68e+08,-6.29e+08,5.9e+07,3.3428e+10,1.52e+10,-7.9e+08,1.319e+10,1.5689e+10,19,16,120,5.247e+09,1.10495e+11,1.4262e+10,9.6233e+10,13.48,978486646.884
829,"IDXX","2014-12-31",155,-60523000,39,322536000,93,58888000,55,816116000,15429000,5400000,20898000,3.5e+08,0,43478000,181906000,260255000,18,12,73,98263000,1384211000,117516000,1266695000,3.63,50111845.73
830,"IDXX","2015-12-31",228,-82921000,40,128994000,96,70388000,56,890270000,29239000,-215183000,-2787000,597085000,0,-193542000,192078000,299912000,19,12,74,99681000,1474993000,-84125000,1559118000,2.07,92791304.3478
833,"IFF","2014-12-31",27,-143182000,92,478573000,330,89354000,44,1362150000,46067000,3304000,-42526000,934232000,0,73068000,414543000,592321000,19,13,220,253640000,3494621000,1518561000,1971932000,5.09,81442632.613
834,"IFF","2015-12-31",26,-101030000,25,181988000,196,89597000,45,1351599000,46062000,12128000,100998000,937844000,0,-296585000,419247000,588347000,19,14,117,246101000,3721454000,1590318000,2126464000,5.19,80779768.7861
849,"IP","2014-12-31",11,0,38,1.881e+09,162,1.414e+09,31,7.363e+09,6.07e+08,0,-3.6e+07,1.0681e+10,2.48e+08,7.9e+07,5.55e+08,1.517e+09,6,2,113,0,2.8684e+10,5.115e+09,2.3569e+10,1.3,426923076.923
850,"IP","2015-12-31",24,0,27,1.05e+09,165,1.294e+09,31,6.897e+09,5.55e+08,-1.98e+08,-1.06e+08,1.5177e+10,2.28e+08,-8.31e+08,9.38e+08,1.995e+09,9,4,108,0,3.0587e+10,3.884e+09,2.6703e+10,2.25,416888888.889
853,"IPG","2014-12-31",23,-148700000,22,1660600000,105,222400000,100,7537100000,84900000,-6e+05,-137300000,1612900000,0,23800000,477100000,788400000,10,6,105,0,12736600000,2116300000,10620300000,1.14,418508771.93
854,"IPG","2015-12-31",23,-161100000,20,1502900000,101,233100000,100,7613800000,85800000,1e+05,365600000,1610300000,0,-157700000,454600000,871900000,11,6,101,0,12585100000,1965500000,10619600000,1.11,409549549.55
857,"IRM","2014-12-31",38,-361924000,19,159793000,107,361152000,57,1773057000,260717000,0,-84557000,4564359000,0,5407000,326119000,549277000,18,10,107,0,6523265000,856355000,5666910000,1.67,195280838.323
858,"IRM","2015-12-31",24,-290249000,15,128381000,102,354713000,57,1717951000,263871000,0,-59452000,4757610000,0,2448000,123241000,524527000,17,4,102,0,6350587000,508841000,5841746000,0.58,212484482.759
860,"ISRG","2014-12-31",12,-105600000,246,600300000,362,74400000,66,1413800000,0,3.6e+07,122300000,0,1264500000,-181800000,418800000,544800000,26,20,325,1.78e+08,3959400000,3379400000,5.8e+08,11.35,36898678.4141
861,"ISRG","2015-12-31",14,-8.1e+07,317,714600000,446,89500000,66,1577900000,0,-768500000,7900000,0,1.788e+09,114300000,588800000,7.4e+08,31,25,412,197400000,4907300000,4319500000,587800000,15.87,37101449.2754
864,"ITW","2014-12-31",43,-3.61e+08,113,3.99e+09,223,5.07e+08,40,5.811e+09,2.5e+08,2.8e+07,1.8e+07,5.943e+09,0,3.72e+08,2.946e+09,2.888e+09,20,20,190,0,1.7465e+10,6.819e+09,1.0641e+10,7.33,401909959.072
865,"ITW","2015-12-31",36,-2.84e+08,130,3.09e+09,284,4.77e+08,41,5.517e+09,2.26e+08,2.2e+07,-1.13e+08,6.896e+09,0,-9e+08,1.899e+09,2.867e+09,21,14,238,0,1.5729e+10,5.224e+09,1.0501e+10,5.16,368023255.814
869,"IVZ","2014-12-31",12,-133200000,92,1918200000,131,89400000,100,5147100000,2.07e+08,-1754800000,165900000,1576800000,0,235700000,988100000,1276900000,25,19,131,0,2.045e+10,8.326e+09,1.2124e+10,2.27,435286343.612
870,"IVZ","2015-12-31",12,-124500000,67,2214700000,123,93600000,100,5122900000,270600000,-540300000,4442100000,2072800000,0,4.12e+08,968100000,1358400000,27,19,123,0,25073200000,7885300000,17187900000,2.26,428362831.858
873,"JBHT","2014-12-31",31,-808569000,1,5961000,112,294496000,37,2267038000,27028000,0,-15774000,683539000,0,130000,374792000,631542000,10,6,108,0,3378486000,1204523000,2173963000,3.2,117122500
874,"JBHT","2015-12-31",33,-725122000,1,5566000,161,339613000,41,2522068000,25577000,0,8568000,1005026000,0,-395000,427235000,715694000,12,7,157,0,3636567000,1300352000,2336215000,3.69,115781842.818
881,"JNPR","2014-12-31",7,-192900000,130,1639600000,186,186100000,62,2858200000,0,503700000,-26800000,1.349e+09,1133100000,-644400000,-334300000,-419700000,9,7,186,1006200000,8281400000,4919100000,3362300000,-0.73,457945205.479
882,"JNPR","2015-12-31",14,-210300000,108,1420900000,162,176500000,63,3078600000,0,-304200000,164800000,1648800000,1244200000,-218700000,633700000,9.12e+08,19,13,162,994500000,8619200000,4574400000,4044800000,1.62,391172839.506
908,"KMB","2014-12-31",209,-1.039e+09,13,7.89e+08,89,8.62e+08,34,6.683e+09,2.84e+08,-2.4e+07,0,5.702e+09,2.57e+08,-2.65e+08,1.526e+09,2.521e+09,13,8,59,0,1.5526e+10,7.29e+08,1.4797e+10,4.07,374938574.939
909,"KMB","2015-12-31",582,-1.056e+09,10,6.19e+08,85,7.46e+08,36,6.624e+09,2.95e+08,-1.46e+08,0,6.17e+09,2.47e+08,-1.7e+08,1.013e+09,1.613e+09,9,5,55,0,1.4842e+10,-1.74e+08,1.5016e+10,2.78,364388489.209
921,"KO","2014-12-31",23,-2.406e+09,67,8.958e+09,102,1.976e+09,61,2.8109e+10,4.83e+08,-4.814e+09,0,1.9063e+10,1.3625e+10,-1.456e+09,7.098e+09,9.708e+09,21,15,92,0,9.2023e+10,3.032e+10,6.1703e+10,1.62,4381481481.48
922,"KO","2015-12-31",29,-2.553e+09,74,7.309e+09,124,1.97e+09,61,2.6812e+10,8.56e+08,-1.752e+09,0,2.8407e+10,1.5788e+10,-1.649e+09,7.351e+09,8.728e+09,20,17,113,0,9.0093e+10,2.5554e+10,6.4539e+10,1.69,4349704142.01
936,"KSU","2014-12-31",13,-970300000,39,3.48e+08,80,258100000,66,1699200000,72800000,-26700000,-26100000,1826500000,36400000,-81500000,502600000,809100000,31,20,68,0,7976400000,3755500000,4220900000,4.56,110219298.246
937,"KSU","2015-12-31",12,-832200000,18,136600000,71,284600000,69,1659600000,81900000,-17400000,-31400000,2.045e+09,34700000,-211400000,483500000,803800000,33,20,53,0,8.341e+09,3914300000,4426700000,4.41,109637188.209
945,"LEG","2014-12-31",9,-94100000,34,332800000,144,117900000,21,790400000,41800000,0,171800000,766700000,0,60100000,101200000,331500000,9,3,96,0,3140600000,1146500000,1985700000,0.69,146666666.667
946,"LEG","2015-12-31",30,-103200000,36,253200000,187,113200000,24,923200000,41100000,0,-104900000,945400000,0,-79600000,329200000,486500000,12,8,115,0,2967600000,1085600000,1869900000,2.31,142510822.511
961,"LLL","2014-12-31",13,-1.74e+08,17,4.42e+08,215,2.36e+08,9,1.012e+09,1.58e+08,0,-7.9e+07,3.939e+09,0,-5.8e+07,6.64e+08,1.012e+09,9,6,204,0,1.3715e+10,5.285e+09,8.43e+09,7.78,85347043.7018
962,"LLL","2015-12-31",6,-1.97e+08,7,2.07e+08,147,2.85e+08,9,8.9e+08,1.69e+08,0,-3.4e+07,3.143e+09,0,-2.35e+08,-2.4e+08,4.75e+08,5,2,135,0,1.2085e+10,4.355e+09,7.73e+09,-2.97,80808080.8081
969,"LLY","2014-12-31",16,-1162600000,50,3871600000,122,1.379e+09,75,14683100000,0,3.623e+09,-371700000,5332800000,4568900000,41400000,2390500000,3000300000,15,12,94,4733600000,36307600000,15373200000,20919500000,2.23,1071973094.17
970,"LLY","2015-12-31",17,-1066200000,54,3666400000,153,1427700000,75,14921500000,0,1161500000,461600000,7972400000,3646600000,-205200000,2408400000,2.79e+09,14,12,111,4796400000,35568900000,14571300000,20978600000,2.27,1060969163
972,"LMT","2014-12-31",106,-8.45e+08,13,1.446e+09,111,9.94e+08,12,4.683e+09,3.4e+08,0,-1.357e+09,6.142e+09,0,-1.171e+09,3.614e+09,5.012e+09,13,9,86,0,3.7046e+10,3.4e+09,3.3646e+10,11.41,316739702.016
973,"LMT","2015-12-31",116,-9.39e+08,8,1.09e+09,105,1.026e+09,11,4.492e+09,4.43e+08,0,8.76e+08,1.4305e+10,0,-3.56e+08,3.605e+09,4.712e+09,12,9,70,0,4.9304e+10,3.097e+09,4.6207e+10,11.62,310240963.855
977,"LNT","2014-12-31",11,0,5,56900000,86,442300000,31,1032800000,180600000,-902800000,215100000,3584300000,344900000,47100000,393300000,543600000,16,12,67,0,12063500000,3638700000,8424800000,3.46,113670520.231
978,"LNT","2015-12-31",10,0,0,5800000,61,413700000,33,1.082e+09,187100000,-1034300000,30100000,3522200000,346300000,-51100000,388400000,5.77e+08,18,12,44,0,12495200000,3924100000,8571100000,3.36,115595238.095
989,"LUK","2014-12-31",2,-600837000,87,7721449000,131,139744000,25,2657611000,965596000,1058274000,3898726000,8527929000,1994038000,369180000,199025000,-444719000,4,2,131,0,52623908000,10302158000,42196750000,0.54,368564814.815
990,"LUK","2015-12-31",2,-295894000,81,4389732000,133,172073000,24,2439269000,908881000,1067441000,-5472653000,7407594000,2361089000,-638127000,252111000,-412289000,4,2,133,0,46339812000,10401211000,35813601000,0.74,340690540.541
992,"LUV","2014-12-31",17,-1.748e+09,50,1.282e+09,66,9.38e+08,59,1.0928e+10,1.07e+08,1.05e+08,3.62e+08,2.434e+09,0,-7.3e+07,1.136e+09,2.225e+09,12,6,61,0,1.9723e+10,6.775e+09,1.2948e+10,1.65,688484848.485
993,"LUV","2015-12-31",30,-2.041e+09,41,1.583e+09,54,1.015e+09,70,1.3795e+10,9e+07,2.37e+08,1.055e+09,2.541e+09,0,3.01e+08,2.181e+09,4.116e+09,21,11,50,0,2.1312e+10,7.358e+09,1.3954e+10,3.3,660909090.909
997,"LVLT","2014-12-31",5,-9.1e+08,31,5.87e+08,78,8.44e+08,44,3.002e+09,6.54e+08,0,-3e+07,1.0984e+10,0,-5.1e+07,3.14e+08,1.013e+09,15,5,78,0,2.0947e+10,6.363e+09,1.4584e+10,1.23,255284552.846
998,"LVLT","2015-12-31",34,-1.229e+09,61,8.62e+08,124,1.19e+09,48,3.964e+09,6.42e+08,0,2.3e+07,1.0994e+10,0,2.74e+08,3.433e+09,1.331e+09,16,42,124,0,2.4145e+10,1.0126e+10,1.4019e+10,9.71,353553038.105
1001,"LYB","2014-12-31",50,-1.499e+09,48,1.033e+09,214,1.039e+09,15,6.669e+09,3.52e+08,-1.688e+09,-3.78e+08,6.695e+09,2.064e+09,-3.419e+09,4.174e+09,5.736e+09,13,9,131,1.27e+08,2.4221e+10,8.314e+09,1.5907e+10,8.03,519800747.198
1002,"LYB","2015-12-31",68,-1.44e+09,46,9.31e+08,225,1.063e+09,22,7.052e+09,3.1e+08,4.16e+08,-7.86e+08,7.671e+09,2.127e+09,-1.07e+08,4.476e+09,6.122e+09,19,14,132,1.02e+08,2.2757e+10,6.55e+09,1.6207e+10,9.62,465280665.281
1008,"MA","2014-12-31",53,-1.75e+08,126,6.627e+09,177,1.012e+09,100,9.441e+09,4.8e+07,1.45e+09,1.7e+08,1.494e+09,0,1.538e+09,3.617e+09,5.106e+09,54,38,177,0,1.5329e+10,6.79e+09,8.539e+09,3.11,1163022508.04
1009,"MA","2015-12-31",63,-1.77e+08,130,7.183e+09,175,1.13e+09,100,9.667e+09,6.1e+07,2.1e+08,1.25e+08,3.268e+09,0,6.1e+08,3.808e+09,5.078e+09,53,39,175,0,1.625e+10,6.028e+09,1.0222e+10,3.36,1133333333.33
1021,"MAR","2014-12-31",34,-4.11e+08,3,1.04e+08,53,1.48e+08,14,1.966e+09,1.15e+08,-7.5e+07,0,3.447e+09,4.39e+08,-2.2e+07,7.53e+08,1.159e+09,8,5,53,0,6.833e+09,-2.2e+09,9.033e+09,2.6,289615384.615
1022,"MAR","2015-12-31",24,-3.05e+08,3,9.6e+07,43,1.39e+08,15,2.123e+09,1.67e+08,1.4e+08,0,3.807e+09,3.8e+08,-8e+06,8.59e+08,1.35e+09,9,6,43,0,6.082e+09,-3.59e+09,9.672e+09,3.22,266770186.335
1024,"MAS","2014-12-31",93,-1.28e+08,62,1.379e+09,164,1.82e+08,29,2.06e+09,2.25e+08,4.3e+07,6.3e+07,2.919e+09,0,1.6e+08,8.56e+08,7.21e+08,10,12,132,0,7.208e+09,9.24e+08,6.284e+09,2.4,356666666.667
1025,"MAS","2015-12-31",263,-1.58e+08,61,1.468e+09,138,1.53e+08,32,2.253e+09,2.25e+08,3.5e+07,8.2e+07,2.403e+09,0,8.5e+07,3.55e+08,9.14e+08,13,5,110,0,5.664e+09,-1.35e+08,5.799e+09,1.03,344660194.175
1029,"MAT","2014-12-31",17,-260457000,89,971650000,293,248701000,50,3001022000,79271000,-19933000,-34653000,2.1e+09,0,-67566000,498874000,653714000,11,8,241,0,6721983000,2949071000,3772912000,1.46,341694520.548
1030,"MAT","2015-12-31",14,-254181000,54,892814000,194,265427000,49,2806358000,85270000,-61509000,248047000,1.8e+09,0,-78836000,369416000,540922000,9,6,159,0,6552689000,2633254000,3919435000,1.08,342051851.852
1033,"MCD","2014-12-31",37,-2583400000,76,2077900000,152,1644500000,38,10455700000,0,0,-85700000,14935700000,1004500000,-720800000,4757800000,7949200000,29,17,148,0,34227400000,12853400000,2.1374e+10,4.85,980989690.722
1034,"MCD","2015-12-31",64,-1813900000,260,7685500000,327,1555700000,39,9789200000,0,0,303600000,24122100000,792700000,5607600000,4529300000,7145500000,28,18,323,0,37938700000,7087900000,30850800000,4.82,939688796.68
1045,"MCO","2014-12-31",526,-74600000,140,1219500000,224,95600000,72,2.404e+09,116800000,-250600000,115600000,2547300000,0,-7e+08,988700000,1439100000,43,30,224,0,4.669e+09,-187800000,4856800000,4.69,210810234.542
1046,"MCO","2015-12-31",167,-8.9e+07,183,1757400000,266,113500000,72,2508200000,115100000,4600000,103500000,3.401e+09,0,537900000,941300000,1473400000,42,27,266,0,5123400000,-5.65e+08,5688400000,4.7,200276595.745
1049,"MDLZ","2014-12-31",8,-1.642e+09,12,1.631e+09,84,1.059e+09,37,1.2597e+10,6.88e+08,0,5.16e+08,1.3821e+10,6.62e+08,-9.91e+08,2.184e+09,3.242e+09,9,6,59,0,6.6771e+10,2.775e+10,3.9021e+10,1.29,1693023255.81
1050,"MDLZ","2015-12-31",26,-1.514e+09,17,1.87e+09,82,8.94e+08,39,1.1512e+10,1.013e+09,-5.44e+08,6e+08,1.4557e+10,5.387e+09,2.39e+08,7.267e+09,8.897e+09,30,25,58,0,6.2843e+10,2.8012e+10,3.4831e+10,4.49,1618485523.39
1057,"MHK","2014-12-31",12,-561804000,5,97877000,153,345570000,28,2154192000,98207000,-3867000,-65079000,1402135000,0,43811000,531965000,772796000,10,7,74,0,8285544000,4418006000,3867538000,7.3,72871917.8082
1058,"MHK","2015-12-31",13,-503657000,3,81692000,100,362647000,30,2410686000,71086000,0,-23725000,1196928000,0,-16185000,615302000,837566000,10,8,50,0,9942364000,4854173000,5088191000,2.59,237568339.768
1061,"MJN","2014-12-31",125,-186600000,108,1297700000,193,91600000,61,2708700000,60300000,4e+06,15800000,1492800000,0,246900000,719800000,9.76e+08,22,16,147,115100000,3763800000,574300000,3189500000,3.55,202760563.38
1062,"MJN","2015-12-31",103,-173700000,136,1701400000,208,99100000,64,2.616e+09,6.5e+07,0,2700000,2.981e+09,0,403700000,653500000,975200000,24,16,169,108400000,3998100000,-632300000,4630400000,3.28,199237804.878
1069,"MLM","2014-12-31",4,-232183000,27,108651000,263,222746000,18,522360000,66057000,1175000,5303000,1571059000,0,66214000,155601000,314873000,11,5,141,0,7219754000,4351166000,2868588000,2.73,56996703.2967
1070,"MLM","2015-12-31",7,-318232000,46,168409000,295,263587000,20,721767000,76287000,1808000,-40053000,1553649000,0,59758000,288792000,479416000,14,8,167,0,6961732000,4057284000,2904448000,4.31,67005104.4084
1076,"MMM","2014-12-31",38,-1.493e+09,56,1.897e+09,206,1.408e+09,48,1.5374e+10,1.42e+08,7.54e+08,2.81e+08,6.705e+09,1.17e+08,-6.84e+08,4.956e+09,7.135e+09,22,16,144,1.77e+09,3.1209e+10,1.3109e+10,1.81e+10,7.63,649541284.404
1077,"MMM","2015-12-31",42,-1.461e+09,27,1.798e+09,154,1.435e+09,49,1.4891e+10,1.49e+08,1.3e+09,-7.35e+08,8.753e+09,1.26e+08,-9.9e+07,4.833e+09,6.946e+09,23,16,105,1.763e+09,3.2883e+10,1.1429e+10,2.1454e+10,7.72,626036269.43
1085,"MO","2014-12-31",168,-1.63e+08,43,3.321e+09,90,2.08e+08,41,1.016e+10,8.08e+08,0,4e+06,1.3693e+10,7.797e+09,1.46e+08,5.07e+09,7.62e+09,31,21,63,0,3.4475e+10,3.014e+09,3.1461e+10,2.56,1980468750
1086,"MO","2015-12-31",182,-2.29e+08,33,2.369e+09,86,2.25e+08,44,1.1114e+10,8.17e+08,-1.32e+08,3.56e+08,1.2915e+10,6.722e+09,-9.52e+08,5.241e+09,8.361e+09,33,21,57,0,3.2535e+10,2.88e+09,2.9655e+10,2.67,1962921348.31
1092,"MOS","2014-12-31",10,-929100000,149,2374600000,327,8.42e+08,21,1926600000,107600000,-154600000,28100000,3.778e+09,849800000,-2918500000,1028600000,1311800000,14,11,219,0,1.8283e+10,10703100000,7579900000,2.69,382379182.156
1093,"MOS","2015-12-31",10,-1000300000,62,1276300000,202,772200000,19,1717900000,97800000,-172700000,263800000,3769500000,980500000,-1098300000,1000400000,1278800000,14,11,126,0,17389500000,9531800000,7857700000,2.79,358566308.244
1097,"MPC","2014-12-31",23,-1.48e+09,17,1.494e+09,132,1.326e+09,14,1.3542e+10,0,-3.225e+09,-1.547e+09,6.575e+09,8.65e+08,-7.98e+08,2.524e+09,3.766e+09,4,3,66,0,3.0425e+10,1.0751e+10,1.9674e+10,8.84,285520361.991
1098,"MPC","2015-12-31",22,-1.998e+09,18,1.127e+09,149,1.646e+09,22,1.616e+10,0,-1.545e+09,-2.4e+09,1.1896e+10,3.622e+09,-3.67e+08,2.852e+09,4.485e+09,6,4,67,0,4.3115e+10,1.3237e+10,2.9878e+10,5.29,539130434.783
1101,"MRK","2014-12-31",25,-1.317e+09,85,7.441e+09,177,6.691e+09,60,2.5469e+10,0,-9.635e+09,2.397e+09,1.8699e+10,1.3515e+10,-8.18e+09,1.192e+10,5.67e+09,13,28,147,7.18e+09,9.8167e+10,4.8647e+10,4.952e+10,4.12,2893203883.5
1102,"MRK","2015-12-31",10,-1.283e+09,70,8.524e+09,155,6.375e+09,62,2.4564e+10,0,3.871e+09,-5.88e+08,2.3929e+10,1.3039e+10,1.083e+09,4.442e+09,6.928e+09,18,11,131,6.704e+09,1.01779e+11,4.4676e+10,5.7103e+10,1.58,2811392405.06
1105,"MRO","2014-12-31",14,-5.16e+09,55,2.398e+09,105,2.861e+09,79,8.6e+09,0,4e+07,-3.3e+07,5.295e+09,1.113e+09,2.134e+09,3.046e+09,1.187e+09,11,28,97,0,3.5983e+10,2.102e+10,1.4963e+10,4.48,679910714.286
1106,"MRO","2015-12-31",12,-3.476e+09,71,1.221e+09,150,2.957e+09,69,3.828e+09,0,7.7e+07,-9.65e+08,7.276e+09,1.003e+09,-1.177e+09,-2.204e+09,-3.03e+09,55,40,132,0,3.2311e+10,1.8553e+10,1.3758e+10,-3.26,676073619.632
1116,"MTD","2014-12-31",47,-89388000,13,85263000,125,62802000,55,1358750000,24537000,123000,-10340000,335790000,0,-26611000,338241000,471771000,19,14,95,123297000,2009110000,719595000,1289515000,11.71,28884799.3168
1117,"MTD","2015-12-31",61,-82506000,18,98887000,142,64038000,56,1351993000,27451000,-5415000,23703000,575138000,0,13624000,352820000,490008000,20,15,104,119076000,1959335000,580457000,1378878000,12.75,27672156.8627
1125,"MUR","2014-12-31",11,-3679464000,53,1193308000,104,2039808000,79,4199045000,115819000,-86471000,0,2517669000,0,443153000,905611000,1205887000,23,17,96,0,16723738000,8573434000,8150304000,5.06,178974505.929
1126,"MUR","2015-12-31",43,-2549736000,27,283183000,86,1751097000,70,1954810000,117375000,217352000,0,3040594000,0,-910125000,-2270833000,-3332217000,120,81,77,0,11493812000,5306728000,6187084000,-13.03,174277283.193
1133,"NBL","2014-12-31",12,-4.871e+09,47,1.183e+09,122,1.759e+09,82,4.17e+09,2.1e+08,4.06e+08,3.81e+08,6.068e+09,0,6.6e+07,1.214e+09,9.18e+08,18,24,122,0,2.2518e+10,1.0325e+10,1.2193e+10,3.36,361309523.81
1134,"NBL","2015-12-31",24,-2.979e+09,57,1.028e+09,126,2.131e+09,69,2.204e+09,2.63e+08,1.08e+08,-5.28e+08,7.976e+09,0,-1.55e+08,-2.441e+09,-2.472e+09,78,77,126,0,2.4196e+10,1.037e+10,1.3826e+10,-6.07,402141680.395
1142,"NEE","2014-12-31",12,-3.142e+09,6,5.77e+08,72,2.896e+09,49,8.27e+09,1.261e+09,-2.989e+09,-8.7e+07,2.4044e+10,2.408e+09,1.39e+08,2.465e+09,4.384e+09,26,14,58,0,7.4605e+10,1.9916e+10,5.4689e+10,5.67,434744268.078
1143,"NEE","2015-12-31",12,-3.511e+09,6,5.71e+08,67,3.203e+09,51,8.89e+09,1.211e+09,-4.239e+09,-1.4e+08,2.6681e+10,2.988e+09,-6e+06,2.752e+09,4.632e+09,26,16,55,0,8.2479e+10,2.2574e+10,5.9905e+10,6.11,450409165.303
1146,"NEM","2014-12-31",5,-1.11e+09,113,2.403e+09,247,1.229e+09,39,2.835e+09,3.61e+08,-1e+06,0,6.48e+09,3.34e+08,8.48e+08,5.08e+08,7.1e+08,10,7,185,3.25e+08,2.4916e+10,1.0274e+10,1.4642e+10,1.02,498039215.686
1147,"NEM","2015-12-31",2,-1.401e+09,198,2.782e+09,352,1.239e+09,44,3.417e+09,3.25e+08,2.9e+07,0,6.087e+09,4.02e+08,3.79e+08,2.2e+08,1.163e+09,15,3,238,2.89e+08,2.5182e+10,1.135e+10,1.3832e+10,0.43,511627906.977
1149,"NFLX","2014-12-31",14,-69726000,60,1113608000,147,2781798000,32,1751896000,50219000,100316000,198267000,885849000,0,508643000,266799000,402648000,7,5,147,472321000,7042500000,1857708000,5184792000,4.44,60089864.8649
1150,"NFLX","2015-12-31",6,-91248000,65,1809330000,154,3547045000,32,2188035000,132716000,-8074000,172560000,2371362000,0,695722000,122641000,305826000,5,2,154,650788000,10202871000,2223426000,7979445000,0.29,422900000
1154,"NFX","2014-12-31",23,-2.128e+09,1,1.4e+07,85,9.03e+08,79,1.803e+09,1.47e+08,8.48e+08,2.9e+07,2.874e+09,2.16e+08,-8.1e+07,9e+08,5.75e+08,25,39,82,0,9.58e+09,3.893e+09,5.687e+09,6.59,136570561.457
1155,"NFX","2015-12-31",244,-1.745e+09,1,5e+06,97,9.17e+08,68,1.06e+09,1.31e+08,0,-1.8e+07,2.467e+09,1.25e+08,-9e+06,-3.362e+09,-5.061e+09,325,216,91,0,4.768e+09,1.379e+09,3.389e+09,-21.18,158734655.335
1161,"NLSN","2014-12-31",8,-1.63e+08,15,2.73e+08,112,5.73e+08,58,3.668e+09,3e+08,-6e+06,-2.3e+07,6.419e+09,0,-2.91e+08,3.84e+08,1.089e+09,17,6,112,0,1.5326e+10,5.056e+09,1.027e+10,1.01,380198019.802
1162,"NLSN","2015-12-31",13,-1.34e+08,21,3.57e+08,113,5.74e+08,59,3.633e+09,3.11e+08,3e+07,6e+07,7.028e+09,0,8.4e+07,5.7e+08,1.093e+09,18,9,113,0,1.5303e+10,4.433e+09,1.087e+10,1.55,367741935.484
1166,"NOV","2014-12-31",12,-6.99e+08,48,3.536e+09,219,7.78e+08,27,5.809e+09,1.05e+08,0,7.91e+08,3.014e+09,3.62e+08,1e+08,2.502e+09,3.613e+09,17,12,148,0,3.3562e+10,2.0692e+10,1.287e+10,5.85,427692307.692
1167,"NOV","2015-12-31",5,-4.53e+08,49,2.08e+09,278,7.47e+08,21,3.063e+09,1.03e+08,0,-2.56e+09,3.928e+09,3.27e+08,-1.456e+09,-7.69e+08,-3.9e+08,3,5,168,0,2.6725e+10,1.6383e+10,1.0342e+10,-1.99,386432160.804
1169,"NSC","2014-12-31",16,-2.118e+09,55,9.73e+08,156,9.56e+08,64,7.423e+09,5.45e+08,2e+06,1.16e+08,8.883e+09,2.679e+09,-4.7e+08,2e+09,3.575e+09,31,17,143,0,3.32e+10,1.2408e+10,2.0792e+10,6.44,310559006.211
1170,"NSC","2015-12-31",13,-2.385e+09,49,1.101e+09,113,1.059e+09,65,6.849e+09,5.45e+08,2.35e+08,-1.52e+08,9.393e+09,2.572e+09,1.28e+08,1.556e+09,2.884e+09,27,15,100,0,3.4139e+10,1.2188e+10,2.1951e+10,5.13,303313840.156
1182,"NUE","2014-12-31",9,-667982000,54,1024144000,307,724423000,9,1906526000,169256000,49529000,-155573000,4360600000,0,-459108000,713946000,1360328000,6,3,176,0,15615927000,7772470000,7843457000,2.22,321597297.297
1183,"NUE","2015-12-31",5,-374123000,147,1939469000,415,700017000,10,1581262000,173531000,-475000,-432399000,4360600000,0,915325000,357659000,877440000,5,2,261,0,14250399000,7416878000,6833521000,1.11,322215315.315
1190,"NWL","2014-12-31",20,-161900000,11,199400000,121,156100000,38,2203400000,60400000,0,27400000,2084500000,0,-26900000,377800000,604700000,11,7,84,0,6564300000,1851400000,4712900000,1.37,275766423.358
1191,"NWL","2015-12-31",19,-211400000,14,274800000,125,171600000,39,2304600000,79900000,0,4.4e+07,2687600000,0,75400000,3.5e+08,601400000,10,6,89,0,7.278e+09,1822900000,5455100000,1.3,269230769.231
1206,"OKE","2014-12-31",53,-1779150000,7,172812000,55,306038000,17,2106543000,356163000,-793827000,-564455000,7150142000,1132653000,23886000,314107000,1143571000,9,3,47,0,15261773000,592115000,14669658000,1.5,209404666.667
1207,"OKE","2015-12-31",73,-1188312000,6,97619000,60,354620000,27,2122154000,416787000,33915000,-223596000,8323582000,948221000,-75150000,244977000,996159000,13,3,47,0,15446111000,335798000,15110313000,1.17,209382051.282
1209,"OMC","2014-12-31",39,-2.13e+08,20,2388100000,92,287200000,18,2715700000,177200000,2.1e+07,0,4542100000,148200000,-322400000,1.104e+09,1944100000,13,7,82,0,21428400000,2.85e+09,18578400000,4.27,258548009.368
1210,"OMC","2015-12-31",45,-202700000,18,2605200000,84,281900000,17,2.643e+09,181100000,-5e+05,0,3564200000,136600000,217100000,1093900000,1920100000,13,7,76,0,22110700000,2452400000,19658300000,4.43,246930022.573
1214,"ORLY","2014-12-31",39,-429987000,9,250560000,109,196291000,51,3708901000,53290000,3705000,434626000,1388397000,13349000,19242000,778182000,1270374000,18,11,18,0,6532083000,2018418000,4513665000,7.46,104313941.019
1215,"ORLY","2015-12-31",47,-414020000,4,116301000,99,212362000,52,4162643000,57129000,4074000,271310000,1390018000,13219000,-134259000,931216000,1514021000,19,12,12,0,6676684000,1961314000,4715370000,9.32,99915879.8283
1218,"OXY","2014-12-31",2,-8.93e+09,95,7.808e+09,168,4.261e+09,65,1.2509e+10,7.7e+07,4.177e+09,-5.84e+08,6.838e+09,2.656e+09,3.96e+08,6.3e+08,-1.334e+09,7,3,156,0,5.6259e+10,3.4959e+10,2.13e+10,0.79,797468354.43
1219,"OXY","2015-12-31",32,-5.272e+09,64,4.394e+09,137,4.544e+09,53,6.676e+09,1.47e+08,8.19e+08,-2.32e+09,6.883e+09,2.396e+09,-5.88e+08,-7.829e+09,-9.756e+09,78,63,123,0,4.3437e+10,2.435e+10,1.9087e+10,-10.23,765298142.717
1230,"PBI","2014-12-31",432,-180556000,48,1054118000,119,198088000,56,2140713000,90888000,-51855000,-121855000,2927127000,819721000,167330000,333755000,567822000,15,9,116,109931000,6499702000,77259000,6422443000,1.65,202275757.576
1231,"PBI","2015-12-31",228,-166329000,34,650557000,102,173312000,56,2019469000,87583000,-67522000,-89042000,2507912000,763054000,-403561000,407943000,603570000,17,11,98,110156000,6141462000,178721000,5962740000,2.04,199972058.824
1234,"PCAR","2014-12-31",20,-1537300000,99,1737600000,174,0,16,3052800000,133700000,-391200000,669100000,5588700000,9042600000,-12500000,1358800000,1671900000,9,7,144,215600000,20618800000,6753200000,1.1214e+10,3.83,354778067.885
1235,"PCAR","2015-12-31",23,-1725200000,110,2016400000,171,0,18,3379200000,1.18e+08,-676900000,339500000,5.795e+09,9303600000,278800000,1.604e+09,2001800000,11,9,146,239800000,21109800000,6940400000,11605100000,4.52,354867256.637
1237,"PCG","2014-12-31",9,-4.833e+09,8,4.49e+08,108,2.433e+09,29,4.883e+09,7.34e+08,2e+06,3.15e+08,1.505e+10,2.512e+09,-1.45e+08,1.45e+09,2.45e+09,14,8,100,0,6.0127e+10,1.5748e+10,4.4127e+10,3.07,472312703.583
1238,"PCG","2015-12-31",5,-5.173e+09,6,3.57e+08,91,2.612e+09,24,4.12e+09,7.73e+08,-1.24e+08,-1.2e+07,1.5925e+10,2.605e+09,-2.8e+07,8.88e+08,1.508e+09,9,5,84,0,6.3234e+10,1.6576e+10,4.6406e+10,1.81,490607734.807
1242,"PCLN","2014-12-31",28,-131504000,311,3149494000,371,267780000,90,7584130000,88353000,350286000,203870000,3824199000,3755653000,1858657000,2421753000,3073312000,36,29,371,0,14770977000,8566694000,6204283000,46.3,52305680.3456
1243,"PCLN","2015-12-31",29,-173915000,184,1478071000,247,346759000,93,8591807000,160229000,-3585452000,166201000,6158443000,7931363000,-1671386000,2551360000,3258907000,35,28,247,0,17420575000,8795469000,8625106000,50.09,50935516.0711
1250,"PEG","2014-12-31",12,-2.82e+09,12,4.02e+08,118,1.427e+09,35,3.85e+09,3.89e+08,6e+06,-2.51e+08,8.215e+09,3.832e+09,-9.1e+07,1.518e+09,2.623e+09,24,14,89,0,3.5287e+10,1.2185e+10,2.3102e+10,3,5.06e+08
1251,"PEG","2015-12-31",13,-3.863e+09,11,3.94e+08,98,1.427e+09,40,4.176e+09,3.93e+08,-3.7e+07,-2e+08,8.834e+09,3.73e+09,-8e+06,1.679e+09,2.962e+09,28,16,70,0,3.7535e+10,1.3066e+10,2.4469e+10,3.32,505722891.566
1258,"PFE","2014-12-31",13,-1.199e+09,167,3.343e+09,258,5.537e+09,81,4.0028e+10,0,-4.223e+09,-5.48e+08,3.5894e+10,1.7518e+10,1.16e+09,9.135e+09,1.3249e+10,27,18,231,8.393e+09,1.67566e+11,7.1301e+10,9.6265e+10,1.44,6343750000
1259,"PFE","2015-12-31",11,-1.397e+09,79,3.641e+09,149,5.157e+09,80,3.9203e+10,0,1.4638e+10,7.28e+08,3.281e+10,1.5999e+10,2.98e+08,6.96e+09,1.1824e+10,24,14,123,7.69e+09,1.6746e+11,6.472e+10,1.02741e+11,1.13,6159292035.4
1285,"PM","2014-12-31",59,-1.153e+09,11,1.682e+09,102,8.89e+08,24,1.9331e+10,1.052e+09,-2.9e+07,-7.51e+08,2.6929e+10,1.083e+09,-4.72e+08,7.493e+09,1.1702e+10,15,9,46,0,3.5187e+10,-1.2629e+10,4.7816e+10,4.76,1574159663.87
1286,"PM","2015-12-31",52,-9.6e+08,22,3.417e+09,103,7.54e+08,24,1.7429e+10,1.008e+09,-5.5e+07,1.06e+08,2.525e+10,8.9e+08,1.735e+09,6.873e+09,1.0623e+10,14,9,48,0,3.3956e+10,-1.3244e+10,4.72e+10,4.42,1554977375.57
1294,"PNR","2014-12-31",5,-129600000,7,110400000,177,252700000,35,2.463e+09,72300000,0,106200000,2997400000,0,-145600000,214900000,851900000,12,3,108,117300000,10655200000,4663800000,5991400000,1.13,190176991.15
1295,"PNR","2015-12-31",2,-134300000,8,126300000,187,271700000,34,2185800000,108700000,0,-80400000,4709300000,0,15900000,-76400000,177200000,3,1,108,119600000,1.1857e+10,4008800000,7848200000,-0.42,181904761.905
1298,"PNW","2014-12-31",9,-910634000,0,7604000,62,496487000,40,1403778000,200950000,-32706000,-78814000,3006573000,731486000,-1922000,397595000,811242000,23,11,46,0,14288890000,4367493000,9921397000,3.59,110750696.379
1299,"PNW","2015-12-31",10,-1076087000,3,39488000,62,571664000,44,1525768000,194964000,-33508000,-94859000,3462391000,747302000,31884000,437257000,854602000,24,13,42,0,15028258000,4583917000,10444341000,3.94,110978934.01
1301,"PPG","2014-12-31",41,-5.64e+08,24,6.86e+08,132,4.5e+08,44,6.443e+09,1.87e+08,1.35e+08,2.31e+08,3.533e+09,4.43e+08,-4.3e+08,2.102e+09,1.485e+09,10,14,95,4.83e+08,1.7535e+10,5.18e+09,1.2355e+10,15.2,138289473.684
1302,"PPG","2015-12-31",28,-4.54e+08,31,1.311e+09,143,4.71e+08,44,6.56e+09,1.25e+08,3.27e+08,1.92e+08,4.026e+09,3.67e+08,6.25e+08,1.406e+09,1.837e+09,12,10,108,4.76e+08,1.7076e+10,4.983e+09,1.2093e+10,5.18,271428571.429
1306,"PPL","2014-12-31",13,-3.674e+09,20,1.399e+09,81,9.88e+08,76,5.963e+09,8.43e+08,-1.2e+08,2.24e+08,1.7054e+10,0,5.36e+08,1.737e+09,2.867e+09,37,22,76,0,4.8606e+10,1.3628e+10,3.4978e+10,2.64,657954545.455
1307,"PPL","2015-12-31",7,-3.533e+09,22,8.36e+08,68,9.42e+08,78,5.951e+09,8.71e+08,1.36e+08,-2.38e+08,1.8563e+10,0,-5.63e+08,6.82e+08,2.831e+09,37,9,59,0,3.9301e+10,9.919e+09,2.9382e+10,1.01,675247524.752
1314,"PSX","2014-12-31",22,-3.773e+09,47,5.207e+09,150,1.019e+09,13,2.1029e+10,2.67e+08,-3e+06,-2.845e+09,7.793e+09,1.0189e+10,-1.93e+08,4.762e+09,3.157e+09,2,3,120,0,4.8692e+10,2.159e+10,2.7102e+10,8.4,566904761.905
1315,"PSX","2015-12-31",18,-5.764e+09,41,3.074e+09,163,1.099e+09,22,2.1282e+10,3.1e+08,0,-2.53e+09,8.843e+09,1.2143e+10,-2.133e+09,4.227e+09,4.429e+09,4,4,117,0,4.858e+10,2.31e+10,2.548e+10,7.78,543316195.373
1322,"PWR","2014-12-31",7,-247216000,17,190515000,226,176457000,15,1168794000,4765000,6214000,-32233000,72489000,0,-298262000,315082000,429060000,6,4,222,0,6253583000,4514473000,1739110000,1.35,233394074.074
1323,"PWR","2015-12-31",10,-209968000,11,128771000,189,198944000,12,923665000,8024000,-4338000,150531000,475364000,0,-61744000,321824000,237503000,3,4,183,0,5213543000,3085494000,2128049000,1.59,202405031.447
1326,"PX","2014-12-31",30,-1.689e+09,5,1.26e+08,114,1.17e+09,43,5.311e+09,2.13e+08,0,-5e+06,8.636e+09,6.93e+08,-1.2e+07,1.694e+09,2.608e+09,21,14,92,9.6e+07,1.9769e+10,5.623e+09,1.4146e+10,5.79,292573402.418
1327,"PX","2015-12-31",35,-1.541e+09,8,1.47e+08,139,1.106e+09,45,4.816e+09,1.61e+08,0,-5.5e+07,8.975e+09,6.65e+08,2.1e+07,1.547e+09,2.321e+09,22,14,111,9.3e+07,1.8319e+10,4.389e+09,1.393e+10,5.39,287012987.013
1339,"R","2014-12-31",12,-2259164000,5,50092000,94,1094312000,21,1385734000,144739000,64267000,372000,4694335000,446099000,-11470000,218341000,353333000,5,3,88,0,9850871000,1819087000,8031784000,4.14,52739371.9807
1340,"R","2015-12-31",15,-2667978000,4,60945000,65,1192728000,23,1485444000,150434000,70980000,-93132000,4868097000,510246000,10853000,304768000,509640000,8,5,62,0,10952580000,1987111000,8965469000,5.75,53003130.4348
1344,"RCL","2014-12-31",9,-1811398000,5,189241000,21,772445000,34,2767574000,258299000,-180526000,-9152000,7644318000,0,-15446000,764146000,941859000,12,9,18,0,20713190000,8284359000,12428831000,3.45,221491594.203
1345,"RCL","2015-12-31",8,-1613340000,9,390713000,19,827008000,39,3199681000,277725000,-110507000,-87122000,7767378000,0,-67676000,665783000,874902000,11,8,17,0,20921855000,8063039000,12858816000,3.03,219730363.036
1347,"REGN","2014-12-31",13,-333006000,138,648719000,318,52686000,93,2614539000,37372000,-87771000,152779000,457711000,460154000,113111000,338126000,823919000,29,12,299,1271353000,3837672000,2550251000,1287421000,3.46,97724277.4566
1348,"REGN","2015-12-31",17,-677933000,129,809102000,359,74909000,90,3711019000,14241000,-229668000,912549000,362919000,632162000,160383000,636056000,1251916000,31,15,330,1620577000,5609132000,3654837000,1954295000,6.17,103088492.707
1351,"RHI","2014-12-31",31,-62830000,46,287119000,212,49681000,41,1922916000,0,-25811000,88099000,1159000,0,11355000,305928000,496625000,11,7,212,0,1647267000,979858000,667409000,2.28,134178947.368
1352,"RHI","2015-12-31",36,-75057000,34,224577000,183,53465000,42,2114471000,0,-28225000,80180000,1007000,0,-62542000,357796000,580480000,11,7,183,0,1671044000,1003781000,667263000,2.72,131542647.059
1368,"ROP","2014-12-31",14,-37644000,97,610430000,241,201287000,59,2101899000,78637000,0,-67074000,2190282000,0,150710000,646033000,999473000,28,18,210,0,8400185000,4755360000,3644825000,6.47,99850540.9583
1369,"ROP","2015-12-31",13,-36260000,108,778511000,225,208397000,60,2164646000,84225000,0,2916000,3264417000,0,168081000,696067000,1027918000,29,19,198,0,10168365000,5298947000,4869418000,6.92,100587716.763
1376,"RRC","2014-12-31",18,-1212282000,0,448000,89,603750000,70,1436785000,168977000,-2814000,-21131000,3030824000,40314000,1e+05,634382000,555300000,27,31,86,0,8704604000,3457429000,5247175000,3.81,166504461.942
1377,"RRC","2015-12-31",26,-1035085000,0,471000,125,1200712000,45,532736000,166439000,367000,-66667000,2651303000,7218000,23000,-713685000,-872936000,74,60,115,0,6900031000,2759658000,4140373000,-4.29,166360139.86
1379,"RSG","2014-12-31",7,-862500000,4,75200000,76,984900000,36,3160200000,348700000,0,-28800000,7050800000,0,-138100000,547600000,1233100000,14,6,76,0,2.0094e+10,7745300000,12348700000,1.54,355584415.584
1380,"RSG","2015-12-31",10,-945600000,2,32400000,67,1.05e+09,39,3596400000,364900000,0,29600000,7527400000,0,-42800000,749900000,1558800000,17,8,67,0,20535900000,7774100000,12761800000,2.14,350420560.748
1388,"SCG","2014-12-31",11,-1.092e+09,6,1.37e+08,87,4.48e+08,33,1.62e+09,3.12e+08,-2.23e+08,3.89e+08,5.497e+09,7.5e+07,1e+06,5.38e+08,1.007e+09,20,11,72,0,1.6818e+10,4.987e+09,1.1831e+10,3.79,141952506.596
1389,"SCG","2015-12-31",14,-1.153e+09,9,1.76e+08,71,4.14e+08,38,1.666e+09,3.18e+08,4.93e+08,-1.92e+08,5.882e+09,7.1e+07,3.9e+07,7.46e+08,1.308e+09,30,17,55,0,1.7146e+10,5.443e+09,1.1703e+10,5.22,142911877.395
1396,"SE","2014-12-31",13,-2.028e+09,6,2.15e+08,61,8.09e+08,53,3.113e+09,6.79e+08,2.6e+07,1.3e+07,1.2727e+10,3.293e+09,1.4e+07,1.082e+09,1.924e+09,33,18,53,0,3.3998e+10,8.16e+09,2.5838e+10,1.61,672049689.441
1397,"SE","2015-12-31",3,-2.848e+09,6,2.13e+08,49,7.78e+08,55,2.899e+09,6.36e+08,9.8e+07,8.3e+07,1.2892e+10,2.902e+09,-2e+06,1.96e+08,1.433e+09,27,4,40,0,3.2923e+10,6.526e+09,2.6397e+10,0.29,675862068.966
1399,"SEE","2014-12-31",13,-153900000,17,286400000,152,266700000,35,2687600000,287700000,15100000,140100000,4.282e+09,0,-703700000,155600000,653600000,8,2,112,0,7953200000,1162800000,6790400000,1.22,127540983.607
1400,"SEE","2015-12-31",43,-1.84e+08,19,351700000,123,213300000,37,2586600000,227700000,2.4e+07,81400000,4266800000,0,7.3e+07,225400000,763400000,11,3,86,0,7.405e+09,527100000,6877900000,1.63,138282208.589
1404,"SHW","2014-12-31",87,-200545000,2,40732000,96,198945000,46,5164484000,64205000,-111021000,84702000,1122715000,0,-704157000,865887000,1304036000,12,8,57,0,5706052000,996470000,4709582000,8.95,96747150.838
1405,"SHW","2015-12-31",121,-234340000,10,205744000,124,198562000,49,5559226000,61791000,-65593000,170819000,1920196000,0,165012000,1053849000,1615440000,14,9,77,0,5791855000,867910000,4923945000,11.38,92605360.2812
1424,"SNI","2014-12-31",39,-53775000,76,878164000,181,749792000,71,1886560000,52687000,-12561000,-25064000,1485359000,463344000,191793000,545275000,992309000,37,20,181,0,4657481000,1382447000,3275034000,3.86,141262953.368
1425,"SNI","2015-12-31",40,-52480000,23,223444000,177,921052000,67,2030870000,108047000,19456000,116100000,3511098000,807630000,-654720000,606828000,1103932000,37,20,177,0,6672314000,1523931000,5148383000,4.68,129664102.564
1428,"SO","2014-12-31",10,-5.977e+09,8,7.1e+08,65,2.293e+09,40,7.436e+09,8.35e+08,-1.09e+08,8.11e+08,2.0644e+10,1.546e+09,5.1e+07,2.031e+09,3.642e+09,20,11,43,0,7.0233e+10,2.0926e+10,4.8932e+10,2.19,927397260.274
1429,"SO","2015-12-31",11,-7.393e+09,15,1.404e+09,71,2.395e+09,44,7.678e+09,8.4e+08,3.96e+08,-5.67e+08,2.4688e+10,1.512e+09,6.94e+08,2.421e+09,4.282e+09,24,14,50,0,7.8318e+10,2.1982e+10,5.6218e+10,2.6,931153846.154
1435,"SPGI","2014-12-31",24,-9.2e+07,64,2.497e+09,101,1.34e+08,100,5.051e+09,5.9e+07,1.5e+07,-1.03e+08,7.95e+08,0,9.55e+08,-1.15e+08,1.13e+08,2,2,101,0,6.773e+09,4.88e+08,6.285e+09,-0.42,273809523.81
1436,"SPGI","2015-12-31",596,-1.39e+08,51,1.481e+09,113,1.57e+08,100,5.313e+09,1.02e+08,-4e+06,-1.665e+09,3.468e+09,0,-1.016e+09,1.156e+09,1.917e+09,36,22,113,0,8.183e+09,1.94e+08,7.989e+09,4.26,271361502.347
1444,"SRCL","2014-12-31",17,-86496000,5,22236000,120,104616000,43,1094411000,66142000,-1957000,16584000,1527246000,0,-44931000,326456000,556336000,22,13,120,0,4373302000,1895012000,2478290000,3.84,85014583.3333
1445,"SRCL","2015-12-31",10,-114761000,9,55634000,130,127412000,42,1266185000,77498000,294000,47811000,3052639000,0,33398000,267046000,487612000,16,9,130,0,7077450000,2729891000,4347559000,3.02,88425827.8146
1448,"SRE","2014-12-31",10,-3.123e+09,11,5.81e+08,83,1.156e+09,30,3.346e+09,5.54e+08,-2.57e+08,-2.9e+07,1.223e+10,4.196e+09,-3.34e+08,1.162e+09,1.776e+09,16,11,75,0,3.9651e+10,1.1326e+10,2.8325e+10,4.72,246186440.678
1449,"SRE","2015-12-31",11,-3.156e+09,9,4.3e+08,63,1.25e+09,35,3.583e+09,5.61e+08,2.77e+08,1.3e+08,1.3283e+10,4.499e+09,-1.67e+08,1.35e+09,1.936e+09,19,13,56,0,4.115e+10,1.1809e+10,2.9341e+10,5.43,248618784.53
1483,"SYK","2014-12-31",6,-2.33e+08,112,1.795e+09,195,3.78e+08,66,6.356e+09,0,-7.29e+08,1.4e+08,3.246e+09,0,4.56e+08,5.15e+08,1.246e+09,13,5,159,6.14e+08,1.7279e+10,8.595e+09,8.684e+09,1.36,378676470.588
1484,"SYK","2015-12-31",17,-2.7e+08,116,3.379e+09,227,3.97e+08,66,6.602e+09,0,2.379e+09,-1.388e+09,3.23e+09,0,1.584e+09,1.439e+09,1.861e+09,19,14,180,6.25e+08,1.6223e+10,8.511e+09,7.712e+09,3.82,376701570.681
1496,"T","2014-12-31",7,-2.1199e+10,23,8.603e+09,90,1.8273e+10,55,7.2302e+10,3.613e+09,-2.124e+09,1.852e+09,7.5778e+10,2.5e+08,5.264e+09,6.442e+09,1.2212e+10,9,5,90,0,2.96834e+11,8.9716e+10,2.07118e+11,1.19,5413445378.15
1497,"T","2015-12-31",11,-1.9218e+10,11,5.121e+09,75,2.2016e+10,54,7.9755e+10,4.12e+09,7.48e+08,5.56e+08,1.18515e+11,1.606e+09,-3.482e+09,1.3345e+10,2.4785e+10,17,9,75,0,4.02672e+11,1.22671e+11,2.80001e+11,2.37,5630801687.76
1499,"TAP","2014-12-31",7,-259500000,27,624600000,68,3.2e+08,40,1.653e+09,1.45e+08,-5600000,74800000,2321300000,2410200000,231200000,5.14e+08,726500000,18,12,59,0,13980100000,7863300000,6116800000,2.78,184892086.331
1500,"TAP","2015-12-31",5,-2.75e+08,35,430900000,103,325500000,39,1.404e+09,120300000,-1600000,-114900000,2908700000,2.441e+09,-150300000,359500000,521800000,15,10,89,0,12276300000,7.043e+09,5233300000,1.94,185309278.351
1504,"TDC","2014-12-31",21,-5.4e+07,84,8.34e+08,158,1.69e+08,54,1.479e+09,3e+06,0,-5.1e+07,1.95e+08,0,1.39e+08,3.67e+08,5.03e+08,18,13,154,2.06e+08,3.132e+09,1.707e+09,1.425e+09,2.36,155508474.576
1505,"TDC","2015-12-31",25,-5.2e+07,88,8.39e+08,182,1.7e+08,50,1.276e+09,9e+06,8.5e+07,1.6e+07,5.7e+08,0,5e+06,-2.14e+08,-1.95e+08,8,8,177,2.28e+08,2.53e+09,8.49e+08,1.681e+09,-1.53,139869281.046
1536,"TMO","2014-12-31",9,-427600000,25,1343500000,122,1684800000,44,7.492e+09,0,88600000,309600000,12351600000,0,-4482500000,1894400000,2.503e+09,15,11,87,691100000,42852100000,20548100000,2.2304e+10,4.76,397983193.277
1537,"TMO","2015-12-31",9,-422900000,11,452100000,138,1688200000,46,7755900000,0,1.2e+07,1.45e+08,11473900000,0,-891400000,1975400000,2336200000,14,12,90,692300000,4.0889e+10,21350200000,19538800000,4.96,398266129.032
1540,"TRIP","2014-12-31",20,-8.1e+07,148,4.55e+08,193,6.5e+07,97,1.206e+09,9e+06,1.78e+08,7.8e+07,2.59e+08,3.1e+07,1.04e+08,2.26e+08,3.4e+08,27,18,193,0,1.948e+09,1.125e+09,8.23e+08,1.58,143037974.684
1541,"TRIP","2015-12-31",14,-1.09e+08,212,6.14e+08,277,9.3e+07,96,1.434e+09,1e+07,5.3e+07,6.7e+07,2e+08,3.7e+07,1.59e+08,1.98e+08,2.32e+08,16,13,277,0,2.128e+09,1.412e+09,7.16e+08,1.38,143478260.87
1556,"TSO","2014-12-31",19,-6.85e+08,29,1e+09,148,5.77e+08,12,4.96e+09,2.35e+08,-2.496e+09,-2.98e+08,4.161e+09,0,-2.38e+08,8.43e+08,1.632e+09,4,2,77,0,1.6491e+10,4.454e+09,1.2037e+10,6.56,128506097.561
1557,"TSO","2015-12-31",30,-1.03e+09,37,9.42e+08,170,7.72e+08,22,6.245e+09,2.17e+08,-9.7e+07,-8.63e+08,4.067e+09,0,-5.8e+07,1.54e+09,2.827e+09,10,5,79,0,1.6332e+10,5.213e+09,1.1119e+10,12.5,123200000
1560,"TSS","2014-12-31",19,-75913000,98,289183000,233,250218000,32,777985000,0,-3291000,54636000,1405106000,100468000,10953000,329406000,431640000,18,13,233,0,3733581000,1692762000,2040819000,1.73,190408092.486
1561,"TSS","2015-12-31",20,-54640000,115,389328000,260,260502000,33,924360000,0,-1686000,-29853000,1383634000,106118000,100145000,369041000,534107000,19,13,260,0,3908300000,1843018000,2065282000,1.98,186384343.434
1564,"TXN","2014-12-31",27,-3.85e+08,133,1.199e+09,279,1.23e+09,57,7.427e+09,9.4e+07,-1.41e+08,-1.86e+08,3.63e+09,2.24e+08,-4.28e+08,2.821e+09,3.947e+09,30,22,212,1.358e+09,1.7372e+10,1.039e+10,6.982e+09,2.61,1080842911.88
1565,"TXN","2015-12-31",30,-5.51e+08,126,1e+09,277,1.133e+09,58,7.56e+09,9e+07,1.25e+08,-1.7e+08,3.12e+09,2.21e+08,-1.99e+08,2.986e+09,4.274e+09,33,23,211,1.28e+09,1.623e+10,9.946e+09,6.284e+09,2.86,1044055944.06
1572,"UA","2014-12-31",15,-140528000,141,593175000,367,72093000,49,1512206000,5335000,0,81380000,255250000,0,245686000,208042000,353955000,11,7,240,0,2095083000,1350300000,744783000,0.98,212287755.102
1573,"UA","2015-12-31",14,-298928000,27,129852000,313,100940000,48,1905547000,14628000,-6534000,39010000,6.27e+08,0,-463323000,232573000,408547000,10,6,149,0,2868900000,1668222000,1200678000,1.08,215345370.37
1580,"UAL","2014-12-31",47,-2.005e+09,44,3.156e+09,60,1.679e+09,57,2.229e+10,6.83e+08,-4.57e+08,1.55e+08,1.0524e+10,0,-1.218e+09,1.132e+09,2.373e+09,6,3,55,0,3.6595e+10,2.396e+09,3.4199e+10,3.05,371147540.984
1581,"UAL","2015-12-31",82,-2.747e+09,42,3.058e+09,63,1.819e+09,68,2.5734e+10,6.2e+08,1.9e+08,-7.28e+08,1.04e+10,0,1.004e+09,7.34e+09,5.166e+09,14,19,57,0,4.0861e+10,8.966e+09,3.1895e+10,19.52,376024590.164
1588,"UHS","2014-12-31",15,-822536000,3,32069000,137,375624000,100,8205088000,133638000,-1.2e+07,63676000,3210215000,0,14831000,545343000,1063305000,13,7,127,0,8974443000,3735946000,5238497000,5.52,98794021.7391
1589,"UHS","2015-12-31",16,-912976000,6,61228000,156,398618000,100,9043451000,113494000,-3300000,90202000,3387303000,0,29159000,680528000,1259395000,14,8,146,0,9634113000,4249647000,5384466000,6.89,98770391.8723
1603,"UNP","2014-12-31",24,-4.346e+09,42,1.586e+09,117,1.904e+09,75,1.7891e+10,5.61e+08,0,-1.8e+07,1.0952e+10,1.39e+09,1.54e+08,5.18e+09,8.753e+09,36,22,98,0,5.2372e+10,2.1189e+10,3.1183e+10,5.77,897746967.071
1604,"UNP","2015-12-31",23,-4.65e+09,43,1.391e+09,129,2.012e+09,80,1.7379e+10,6.22e+08,0,-3.61e+08,1.3607e+10,1.41e+09,-1.95e+08,4.772e+09,8.052e+09,37,22,106,0,5.46e+10,2.0702e+10,3.3898e+10,5.51,866061705.989
1608,"UPS","2014-12-31",142,-2.328e+09,38,2.291e+09,130,1.923e+09,75,4.3474e+10,3.53e+08,-3.75e+08,6.99e+08,9.856e+09,4.89e+08,-2.374e+09,3.032e+09,4.968e+09,9,5,130,0,3.544e+10,2.141e+09,3.3299e+10,3.31,916012084.592
1609,"UPS","2015-12-31",196,-2.379e+09,44,2.73e+09,123,2.084e+09,78,4.5416e+10,3.41e+08,-1.022e+09,-2.16e+08,1.1316e+10,4.73e+08,4.39e+08,4.844e+09,7.668e+09,13,8,123,0,3.8311e+10,2.47e+09,3.5841e+10,5.38,900371747.212
1619,"UTX","2014-12-31",20,-1.594e+09,22,5.229e+09,134,1.82e+09,29,1.7002e+10,8.81e+08,2.22e+08,-6.06e+08,1.7784e+10,9.58e+08,8.24e+08,6.22e+09,9.593e+09,17,11,102,2.475e+09,9.1206e+10,3.1213e+10,5.9993e+10,6.92,898843930.636
1620,"UTX","2015-12-31",28,-1.652e+09,31,7.075e+09,118,1.863e+09,28,1.5667e+10,8.24e+08,-8.7e+07,3.43e+08,1.932e+10,1.018e+09,1.63e+09,7.608e+09,7.291e+09,13,14,82,2.279e+09,8.7484e+10,2.7358e+10,6.0126e+10,8.72,872477064.22
1640,"VLO","2014-12-31",18,-2.153e+09,37,3.689e+09,166,1.69e+09,10,1.2703e+10,3.97e+08,0,0,5.78e+09,0,-6.03e+08,3.63e+09,5.902e+09,5,3,100,0,4.555e+10,2.0677e+10,2.4873e+10,6.88,527616279.07
1641,"VLO","2015-12-31",19,-1.618e+09,56,4.114e+09,203,1.842e+09,15,1.3153e+10,4.33e+08,0,0,7.25e+09,0,4.25e+08,3.99e+09,6.358e+09,7,5,123,0,4.4343e+10,2.0527e+10,2.3816e+10,8,498750000
1644,"VMC","2014-12-31",5,-224852000,31,141273000,204,279497000,20,587582000,243367000,0,-42421000,1834642000,41650000,-52465000,204923000,538138000,18,7,132,0,8041097000,4176699000,3864398000,1.56,131360897.436
1645,"VMC","2015-12-31",5,-289262000,81,285210000,307,274823000,25,857533000,220588000,0,10394000,1980334000,40558000,142787000,221177000,549778000,16,6,209,0,8301632000,4454188000,3847444000,1.66,133239156.627
1652,"VRSK","2014-12-31",190,-146818000,6,39359000,50,146121000,59,1030128000,69984000,146480000,18945000,1100874000,0,-126442000,400042000,660446000,38,23,50,0,2345330000,211043000,2134287000,2.41,165992531.12
1653,"VRSK","2015-12-31",37,-166138000,10,138348000,41,228383000,61,1264736000,121316000,85309000,-63307000,2293179000,0,98989000,507577000,736562000,36,25,41,0,5615927000,1372011000,4243916000,3.07,165334527.687
1656,"VRSN","2014-12-31",40,-39327000,99,191608000,103,74568000,81,821692000,85994000,151563000,79937000,740175000,0,-147615000,355260000,564427000,56,35,103,67777000,1901150000,-883466000,2784616000,2.8,126878571.429
1657,"VRSN","2015-12-31",35,-40656000,127,228659000,131,73783000,82,866578000,107631000,-452302000,92001000,1235354000,0,37051000,375236000,605946000,57,35,131,63718000,2357737000,-1070447000,3428184000,3.29,114053495.441
1660,"VRTX","2014-12-31",69,-51201000,379,633677000,420,63257000,89,519428000,72863000,133766000,-46164000,792935000,0,55960000,-738555000,-692412000,119,127,412,855506000,2334679000,1075006000,1259673000,-3.14,235208598.726
1661,"VRTX","2015-12-31",59,-45302000,221,793678000,278,62343000,88,907824000,84206000,404402000,51303000,739503000,3e+07,89509000,-556334000,-466879000,45,54,267,995922000,2498875000,939967000,1558908000,-2.31,240837229.437
1668,"VZ","2014-12-31",78,-1.7191e+10,40,1.0598e+10,105,1.6533e+10,61,7.7148e+10,4.915e+09,0,1.412e+09,1.10536e+11,8.02e+08,-4.293e+10,9.625e+09,1.9599e+10,15,8,101,0,2.32616e+11,1.2298e+10,2.20318e+11,2.42,3977272727.27
1669,"VZ","2015-12-31",109,-1.7775e+10,14,4.47e+09,64,1.6017e+10,60,7.9063e+10,4.92e+09,0,2.545e+09,1.03705e+11,7.96e+08,-6.128e+09,1.7879e+10,3.306e+10,25,14,60,0,2.4464e+11,1.6428e+10,2.28212e+11,4.38,4081963470.32
1680,"WEC","2014-12-31",13,-761200000,4,61900000,77,4.17e+08,33,1625300000,240300000,-13100000,-21600000,4170700000,456900000,35900000,589500000,1112100000,22,12,53,0,1.4905e+10,4450100000,10454900000,2.61,225862068.966
1681,"WEC","2015-12-31",7,-1266200000,2,49800000,81,583500000,33,1976700000,331400000,-1338600000,4800000,9124100000,1466700000,-12100000,640300000,1250500000,21,11,56,0,29355200000,8685200000,2.067e+10,2.36,271313559.322
1691,"WHR","2014-12-31",13,-7.2e+08,12,1.026e+09,96,5.6e+08,17,3.395e+09,1.65e+08,-1.6e+07,5e+07,3.544e+09,0,-3.54e+08,6.5e+08,1.188e+09,6,3,64,0,2.0002e+10,4.885e+09,1.4206e+10,8.3,78313253.012
1692,"WHR","2015-12-31",17,-6.89e+08,10,7.72e+08,89,6.68e+08,18,3.69e+09,1.65e+08,-7e+07,-7.6e+07,3.47e+09,0,-2.54e+08,7.83e+08,1.285e+09,6,4,55,0,1.901e+10,4.743e+09,1.3336e+10,9.95,78693467.3367
1699,"WM","2014-12-31",22,-1.151e+09,38,1.307e+09,101,1.394e+09,36,4.994e+09,4.66e+08,-3.3e+07,0,8.345e+09,4.08e+08,1.249e+09,1.298e+09,2.299e+09,16,9,98,0,2.1297e+10,5.866e+09,1.5431e+10,2.8,463571428.571
1700,"WM","2015-12-31",14,-1.233e+09,2,3.9e+07,93,1.335e+09,36,4.73e+09,3.85e+08,-2e+07,-2.09e+08,8.676e+09,3.6e+08,-1.268e+09,7.53e+08,2.045e+09,16,6,90,0,2.0367e+10,5.345e+09,1.5022e+10,1.66,453614457.831
1704,"WMB","2014-12-31",24,-4.031e+09,9,2.4e+08,74,1.229e+09,41,3.129e+09,7.47e+08,-6.44e+09,-2.11e+08,2.078e+10,8.4e+09,-4.41e+08,2.114e+09,1.569e+09,21,28,65,0,5.0455e+10,8.777e+09,4.1678e+10,2.94,719047619.048
1705,"WMB","2015-12-31",9,-3.167e+09,4,1e+08,61,1.82e+09,53,3.926e+09,1.044e+09,-7.07e+08,-6.4e+07,2.3812e+10,7.336e+09,-1.4e+08,-5.71e+08,2.26e+08,3,8,56,0,4.902e+10,6.148e+09,4.2872e+10,-0.76,751315789.474
1715,"WU","2014-12-31",66,-67800000,21,1783200000,59,271900000,41,2309800000,176600000,100200000,-7e+07,0,0,-289900000,852400000,1140500000,20,15,59,0,9890400000,1300400000,8.59e+09,1.6,532750000
1716,"WU","2015-12-31",60,-94400000,16,1315900000,57,270200000,42,2284300000,167900000,-19900000,46700000,0,0,-467300000,837800000,1109400000,20,15,57,0,9458900000,1404900000,8.054e+09,1.63,513987730.061
1719,"WY","2014-12-31",34,-3.54e+08,172,1.58e+09,306,5e+08,22,1.64e+09,3.44e+08,0,-1.99e+08,4.891e+09,1.88e+08,7.45e+08,1.826e+09,1.32e+09,18,25,241,2.7e+07,1.3265e+10,5.304e+09,7.961e+09,3.2,570625000
1720,"WY","2015-12-31",10,-4.79e+08,116,1.012e+09,248,4.79e+08,20,1.388e+09,3.47e+08,0,-1.18e+08,4.891e+09,7.4e+07,-5.68e+08,5.06e+08,9.19e+08,13,7,184,2.4e+07,1.2486e+10,4.869e+09,7.617e+09,0.89,568539325.843
1723,"WYN","2014-12-31",42,-2.35e+08,10,1.83e+08,100,2.33e+08,53,2.777e+09,1.13e+08,-2e+07,1.22e+08,4.792e+09,2.406e+09,-1.1e+07,5.29e+08,9.41e+08,18,10,84,0,9.679e+09,1.255e+09,8.424e+09,4.22,125355450.237
1724,"WYN","2015-12-31",64,-2.22e+08,9,1.71e+08,96,2.34e+08,51,2.836e+09,1.25e+08,-1.7e+07,1.3e+08,4.955e+09,2.438e+09,-1.2e+07,6.12e+08,1.015e+09,18,11,80,0,9.716e+09,9.5e+08,8.766e+09,5.18,118146718.147
1727,"WYNN","2014-12-31",2542,-1221357000,185,2182164000,213,350768000,39,2117350000,315062000,-168000,-258226000,7345262000,14416000,-252877000,731554000,1266278000,23,13,207,0,9062861000,-28779000,9091640000,7.25,100904000
1728,"WYNN","2015-12-31",174,-1921240000,198,2080089000,226,342414000,38,1545509000,300906000,-3660000,-220361000,9212765000,136983000,-102075000,195290000,658814000,16,5,219,0,10522259000,-111979000,10634238000,1.93,101186528.497
1731,"XEC","2014-12-31",11,-2198861000,52,405862000,120,806021000,76,1851345000,36940000,0,45714000,1483176000,0,401331000,507204000,813934000,34,21,108,0,8708469000,4500632000,4207837000,5.79,87600000
1732,"XEC","2015-12-31",86,-1049636000,190,779382000,263,778923000,64,932745000,55157000,0,-276735000,1485620000,501000,373520000,-2408948000,-3740803000,258,166,250,0,5243286000,2797678000,2445608000,-25.92,92937808.642
1735,"XEL","2014-12-31",10,-3199791000,2,79608000,83,1151547000,32,3734783000,566608000,-9515000,-33226000,11499634000,1886415000,-27536000,1021306000,1948130000,17,9,68,0,36957884000,10214482000,26743402000,2.03,503106403.941
1736,"XEL","2015-12-31",9,-3683359000,2,84940000,72,1249338000,36,3990853000,595282000,-22443000,-175214000,12490719000,1954078000,5332000,984485000,2000512000,18,9,57,0,39053535000,10600920000,28452615000,1.94,507466494.845
1747,"XOM","2014-12-31",19,-3.2952e+10,7,4.658e+09,82,1.7297e+10,32,1.27274e+11,2.86e+08,1.715e+09,-6.639e+09,1.6978e+10,3.5239e+10,-2.8e+07,3.252e+10,3.4082e+10,9,8,56,0,3.49493e+11,1.74399e+11,1.75094e+11,7.6,4278947368.42
1748,"XOM","2015-12-31",9,-2.649e+10,7,3.705e+09,79,1.8048e+10,36,9.3898e+10,3.11e+08,2.35e+08,-7.471e+09,2.5342e+10,3.4245e+10,-9.11e+08,1.615e+10,1.2883e+10,5,6,49,0,3.36758e+11,1.70811e+11,1.65947e+11,3.85,4194805194.81
1751,"XRAY","2014-12-31",14,-99600000,23,151600000,185,133700000,55,1599800000,46900000,-30500000,29400000,1150100000,0,76600000,322900000,445600000,15,11,126,0,4646500000,2321300000,2325200000,2.28,141622807.018
1752,"XRAY","2015-12-31",11,-7.2e+07,60,284600000,251,134200000,57,1517200000,55900000,24400000,13100000,1.141e+09,0,1.33e+08,251200000,375200000,14,9,180,0,4402900000,2.338e+09,2064900000,1.79,140335195.531
1755,"XRX","2014-12-31",9,-3.68e+08,23,1.411e+09,146,1.426e+09,32,6.246e+09,0,0,6.4e+07,6.314e+09,4.057e+09,-3.53e+08,1.013e+09,1.206e+09,6,5,131,5.77e+08,2.7658e+10,1.0678e+10,1.698e+10,0.82,1235365853.66
1756,"XRX","2015-12-31",5,-2.51e+08,26,1.368e+09,127,1.19e+09,29,5.263e+09,0,0,2.21e+08,6.382e+09,3.965e+09,-4.3e+07,4.74e+08,4.12e+08,2,3,109,5.63e+08,2.4817e+10,9.074e+09,1.5743e+10,0.42,1128571428.57
1759,"XYL","2014-12-31",16,-1.19e+08,73,6.63e+08,229,1.42e+08,39,1.513e+09,5.4e+07,0,4.5e+07,1.195e+09,0,1.3e+08,3.37e+08,4.63e+08,12,9,175,1.04e+08,4.833e+09,2.127e+09,2.706e+09,1.84,183152173.913
1760,"XYL","2015-12-31",16,-1.17e+08,83,6.8e+08,244,1.33e+08,38,1.404e+09,5.5e+07,0,6e+06,1.196e+09,0,1.7e+07,3.4e+08,4.49e+08,12,9,191,9.5e+07,4.657e+09,2.084e+09,2.573e+09,1.88,180851063.83
1763,"YHOO","2014-12-31",19,-413019000,177,2664098000,209,697284000,70,3230758000,0,-4500094000,3257845000,1170423000,44588259000,586508000,7521731000,142942000,3,163,209,1156386000,61707336000,38741837000,22965499000,7.61,988400919.842
1764,"YHOO","2015-12-31",15,-554163000,459,1631911000,588,719892000,58,2890553000,0,2446759000,-3427810000,1233485000,34651551000,-1032187000,-4359082000,-4748494000,96,88,588,1177923000,45203966000,29043537000,16160429000,-4.64,939457327.586
1771,"ZBH","2014-12-31",11,-342300000,166,1083300000,421,375800000,73,3430500000,63100000,-68700000,108400000,1425500000,0,2700000,720300000,1037300000,22,15,305,187400000,9.658e+09,6549900000,3108100000,4.26,169084507.042
1772,"ZBH","2015-12-31",1,-434100000,100,1459300000,362,712400000,70,4197200000,286600000,588100000,-263100000,11556300000,0,3.76e+08,1.47e+08,467300000,8,2,223,268800000,27219500000,9887900000,17331600000,0.78,188461538.462
1778,"ZTS","2014-12-31",44,-1.8e+08,81,8.82e+08,319,2.04e+08,64,3.068e+09,1.17e+08,0,-1.97e+08,3.681e+09,0,2.72e+08,5.83e+08,9.44e+08,20,12,200,3.96e+08,6.588e+09,1.311e+09,5.277e+09,1.16,502586206.897
1779,"ZTS","2015-12-31",32,-2.24e+08,65,1.154e+09,215,1.99e+08,64,3.027e+09,1.24e+08,0,8.7e+07,4.526e+09,0,2.72e+08,3.39e+08,7.5e+08,16,7,133,3.64e+08,7.913e+09,1.068e+09,6.845e+09,0.68,498529411.765
