Ticker.Symbol,Sector,After.Tax.ROE,Capital.Expenditures,Cash.Ratio,Cash.and.Cash.Equivalents,Current.Ratio,Depreciation,Gross.Margin,Gross.Profit,Interest.Expense,Investments,Liabilities,Long.Term.Debt,Long.Term.Investments,Net.Cash.Flow,Net.Income,Operating.Income,Operating.Margin,Profit.Margin,Quick.Ratio,Research.and.Development,Total.Assets,Total.Equity,Total.Liabilities,Earnings.Per.Share,Estimated.Shares.Outstanding,wide$percent_change,Returns
AAL,Industrials,135,-6.15E+09,51,1.09E+09,73,1.49E+09,73,2.99E+10,8.80E+08,4.43E+08,-6.33E+08,1.83E+10,0,-6.04E+08,7.61E+09,6.20E+09,15,19,67,0,4.84E+10,5.64E+09,4.28E+10,11.39,668129938.5,-0.210330091,Low
ABBV,Health Care,130,-5.32E+08,77,8.40E+09,150,8.36E+08,80,1.84E+10,6.86E+08,2.90E+07,1.50E+09,2.92E+10,1.45E+08,5.10E+07,5.14E+09,7.54E+09,33,23,134,4.29E+09,5.31E+10,3.95E+09,4.91E+10,3.15,1633015873,-0.094743273,Low
ABT,Health Care,21,-1.11E+09,67,5.00E+09,154,1.47E+09,57,1.17E+10,1.63E+08,-8.21E+08,2.15E+08,5.87E+09,4.04E+09,9.38E+08,4.42E+09,2.87E+09,14,22,126,1.41E+09,4.12E+10,2.12E+10,2.00E+10,2.94,1504421769,-0.002443359,High
ADM,Consumer Staples,10,-1.13E+09,49,6.12E+09,162,8.82E+08,6,4.02E+09,3.08E+08,3.50E+07,-1.69E+09,5.78E+09,4.34E+09,-1.89E+08,1.85E+09,1.81E+09,3,3,101,0,4.02E+10,1.79E+10,2.22E+10,2.99,618394648.8,-0.294615385,Low
ADS,Information Technology,30,-191683000,25,1624601000,254,524467000,30,1957046000,330184000,-2899032000,98026000,10136018000,0,90885000,596541000,1261860000,20,9,254,0,22421830000,2010030000,20411800000,8.91,66951851.85,-0.033140994,High
AEE,Utilities,9,-1.92E+09,14,2.92E+08,92,8.96E+08,43,2.60E+09,3.55E+08,-2.00E+06,-9.10E+07,6.88E+09,5.56E+08,2.87E+08,6.36E+08,1.26E+09,21,10,66,0,2.36E+10,6.95E+09,1.67E+10,2.6,244615384.6,-0.062865834,Low
AKAM,Information Technology,10,-311676000,225,289473000,377,318088000,67,1471828000,18525000,153060000,54503000,624288000,774674000,50823000,321406000,466150000,21,15,377,148591000,4187925000,3120878000,1067047000,1.8,178558888.9,-0.164072398,Low
ALB,Materials,10,-227649000,13,213734000,113,260076000,33,1196872000,132722000,3154000,-73151000,3174674000,455417000,-2276034000,334906000,442435000,12,9,82,102871000,9615014000,3254392000,6360622000,3.01,111264451.8,-0.068518259,Low
ALK,Industrials,35,-8.31E+08,74,7.30E+07,92,3.20E+08,65,3.66E+09,8.00E+06,-1.52E+08,1.31E+08,5.71E+08,0,-3.40E+07,8.48E+08,1.30E+09,23,15,89,0,6.53E+09,2.41E+09,4.12E+09,6.61,128290469,0.347222301,High
ALLE,Industrials,601,-35200000,45,199700000,164,53200000,42,869100000,52900000,12300000,-17200000,1457500000,0,-90800000,153900000,358600000,17,7,119,0,2.26E+09,25600000,2237400000,1.6,96187500,0.188604385,High
ALXN,Health Care,2,-2.86E+08,195,1.01E+09,341,1.67E+08,91,2.37E+09,4.80E+07,6.35E+08,-1.54E+08,3.41E+09,0,6.60E+07,1.44E+08,5.37E+08,21,6,300,7.09E+08,1.31E+10,8.26E+09,4.84E+09,0.68,211764705.9,0.030913911,High
AME,Industrials,18,-69083000,37,381005000,158,149460000,36,1425015000,91795000,0,-75009000,1556045000,180775000,3390000,590859000,907716000,23,15,108,0,6664530000,3254626000,3409904000,2.46,240186585.4,0.018240528,High
AMGN,Health Care,25,-5.94E+08,362,4.14E+09,445,2.11E+09,80,1.74E+10,1.10E+09,-4.42E+09,8.99E+08,2.92E+10,0,4.13E+08,6.94E+09,8.47E+09,39,32,416,4.07E+09,7.14E+10,2.81E+10,4.34E+10,9.15,758360655.7,0.019084746,High
AMT,Real Estate,10,-728753000,39,462879000,83,1292260000,73,3462648000,595949000,9504000,150984000,17068807000,732903000,7194000,685074000,1612789000,34,14,83,0,26904272000,6651679000,20252593000,1.42,482446478.9,-0.019221052,High
AMZN,Consumer Discretionary,4,-4.59E+09,58,1.59E+10,105,6.28E+09,33,3.54E+10,4.59E+08,-1.07E+09,1.26E+10,8.23E+09,0,1.33E+09,5.96E+08,2.23E+09,2,1,75,0,6.47E+10,1.34E+10,5.14E+10,1.28,465625000,1.177831487,High
AN,Consumer Discretionary,19,-247600000,1,74100000,91,132100000,16,3261500000,149200000,-10200000,566700000,1745300000,0,-1300000,442600000,873100000,4,2,21,0,9548200000,2349300000,7198900000,3.93,112620865.1,-0.012415163,High
APA,Energy,917,-5.18E+09,80,1.47E+09,204,2.95E+10,68,4.32E+09,2.99E+08,1.25E+09,-5.07E+08,8.78E+09,0,6.98E+08,-2.35E+10,-2.79E+10,437,369,173,0,1.88E+10,2.57E+09,1.63E+10,-61.2,384444444.4,-0.290410046,Low
APC,Energy,52,-6.07E+09,22,9.39E+08,95,4.60E+09,63,5.51E+09,8.25E+08,-3.00E+06,-6.21E+09,1.56E+10,0,-6.43E+09,-6.69E+09,-8.81E+09,101,77,95,0,4.63E+10,1.28E+10,3.35E+10,-13.18,507738998.5,-0.411151491,Low
APH,Industrials,24,-172100000,175,1737200000,382,171600000,32,1779500000,68300000,335900000,35400000,2813200000,0,768300000,763500000,1104700000,20,14,297,0,7458400000,3238500000,4219900000,2.47,309109311.7,-0.02936259,High
ARNC,Industrials,3,-1.18E+09,37,1.92E+09,153,1.28E+09,20,4.47E+09,4.98E+08,-9.40E+07,-1.20E+09,9.04E+09,1.69E+09,4.20E+07,-3.22E+08,7.48E+08,3,1,87,2.38E+08,3.65E+10,1.20E+10,2.45E+10,-0.31,1038709677,-0.374920844,Low
ATVI,Information Technology,11,-1.11E+08,70,1.82E+09,130,5.01E+08,66,3.08E+09,1.98E+08,0,1.81E+08,4.08E+09,9.00E+06,-3.03E+09,8.92E+08,1.32E+09,28,19,125,6.46E+08,1.53E+10,8.07E+09,7.18E+09,1.21,737190082.6,0.921091762,High
AWK,Utilities,9,-1.16E+09,4,6.60E+07,43,4.40E+08,56,1.76E+09,0,-1.97E+08,2.30E+07,6.21E+09,0,2.20E+07,4.76E+08,1.08E+09,34,15,40,0,1.72E+10,5.05E+09,1.22E+10,2.66,178947368.4,0.121013154,High
BA,Industrials,82,-2.45E+09,24,1.13E+10,135,1.83E+09,15,1.40E+10,2.75E+08,5.54E+08,3.95E+09,8.73E+09,4.64E+09,-4.31E+08,5.18E+09,7.44E+09,8,5,42,3.33E+09,9.44E+10,6.34E+09,8.81E+10,7.52,688297872.3,0.112401911,High
BAX,Health Care,11,-9.11E+08,128,2.21E+09,205,7.59E+08,42,4.15E+09,1.26E+08,0,2.36E+08,3.94E+09,0,-7.12E+08,9.68E+08,4.49E+08,5,10,177,6.03E+08,2.10E+10,8.85E+09,1.21E+10,1.78,543820224.7,-0.479465111,Low
BCR,Health Care,9,-102900000,82,1030900000,156,193100000,62,2114800000,44900000,2.10E+07,-217300000,1144100000,0,-9600000,135400000,843500000,25,4,123,259200000,4.84E+09,1455300000,3388700000,1.8,75222222.22,0.136958394,High
BHI,Energy,12,-9.65E+08,84,2.32E+09,334,1.74E+09,8,1.33E+09,2.17E+08,-3.10E+08,-1.65E+09,3.89E+09,0,5.84E+08,-1.97E+09,-2.40E+09,15,12,229,4.66E+08,2.41E+10,1.63E+10,7.78E+09,-4.49,438084632.5,-0.176921669,Low
BIIB,Health Care,38,-6.43E+08,133,1.31E+09,260,600400000,88,9523400000,0,-2801900000,-2.72E+08,6521500000,3.87E+09,148900000,3.55E+09,4.89E+09,45,33,225,2012800000,19504800000,9372800000,1.01E+10,15.38,230624187.3,-0.097510693,Low
BLL,Materials,22,-527900000,10,2.24E+08,102,285500000,19,1536700000,143200000,0,-1.80E+07,5054200000,0,32600000,280900000,605200000,8,4,60,0,9.78E+09,1251300000,8525700000,2.05,137024390.2,0.06689167,High
BMY,Health Care,11,-8.20E+08,53,2.39E+09,130,3.76E+08,76,1.27E+10,0,-3.49E+08,-6.54E+08,6.55E+09,4.66E+09,-3.19E+09,1.57E+09,1.89E+09,11,9,115,5.92E+09,3.17E+10,1.43E+10,1.75E+10,0.94,1664893617,0.165339694,High
BSX,Health Care,4,-2.47E+08,13,3.19E+08,143,8.05E+08,71,5.30E+09,2.84E+08,-2.05E+08,3.17E+08,5.67E+09,0,-2.68E+08,-2.39E+08,-3.27E+08,4,3,101,8.76E+08,1.81E+10,6.32E+09,1.18E+10,-0.18,1327777778,0.391698189,High
BWA,Consumer Discretionary,17,-577300000,25,577700000,133,320200000,21,1703100000,60400000,13100000,57700000,2108900000,460900000,-220100000,609700000,939700000,12,8,102,0,8825700000,3553700000,5.27E+09,2.72,224154411.8,-0.213284819,Low
CAT,Industrials,17,-3.26E+09,25,6.46E+09,128,3.05E+09,27,1.29E+10,5.07E+08,-6.80E+08,-2.40E+09,2.52E+10,1.48E+10,-8.81E+08,2.51E+09,3.79E+09,8,5,91,2.12E+09,7.83E+10,1.48E+10,6.35E+10,3.54,709604519.8,-0.257511201,Low
CBG,Real Estate,20,-141517000,12,613167000,106,326407000,10,1139269000,118880000,118654000,320914000,2645111000,217943000,-200481000,547132000,835944000,8,5,106,0,11017943000,2712652000,8305291000,1.64,333617073.2,0.009635095,High
CCI,Real Estate,21,-908892000,36,309541000,115,1073304000,64,2342425000,527128000,54475000,320625000,12143019000,1306408000,3190000,1520992000,946180000,26,42,115,0,22036245000,7089221000,14947024000,4.44,342565765.8,0.098475226,High
CELG,Health Care,27,-286300000,333,4880300000,477,4.02E+08,95,8835900000,310600000,1729800000,625300000,14161400000,0,758700000,1.60E+09,2254600000,24,17,455,3697300000,26964400000,5.92E+09,21045400000,2.02,793069306.9,0.070624003,High
CF,Materials,16,-2469300000,25,308800000,93,479600000,36,1547100000,133200000,12800000,-2.70E+08,5592700000,297800000,-1710600000,664900000,1193100000,28,15,66,0,12738900000,4035200000,8703700000,2.97,223872053.9,-0.850260507,Low
CHD,Consumer Staples,20,-61800000,38,3.30E+08,104,1.01E+08,45,1511800000,30500000,0,51500000,692800000,8400000,-9.30E+07,410400000,674200000,20,12,72,0,4256900000,2023200000,2233700000,3.13,131118210.9,0.077020672,High
CHK,Energy,687,-3.77E+09,22,8.25E+08,67,2.23E+09,19,2.47E+09,3.17E+08,-1.00E+07,-2.22E+09,1.04E+10,3.82E+08,-3.28E+09,-1.47E+10,-1.89E+10,148,115,67,0,1.74E+10,2.14E+09,1.50E+10,-22.43,654703522.1,-0.770056208,Low
CHRW,Industrials,44,-28115000,12,168229000,119,66409000,17,2268480000,35529000,0,-25358000,5.00E+08,0,39289000,509699000,858310000,6,4,119,0,3184358000,1150450000,2033908000,3.52,144800852.3,-0.171852039,Low
CHTR,Consumer Discretionary,589,-1.84E+09,0,5.00E+06,17,2.13E+09,34,3.33E+09,1.31E+09,0,3.19E+08,3.57E+10,0,2.00E+06,-2.71E+08,1.11E+09,11,3,17,0,3.93E+10,-4.60E+07,3.94E+10,-2.43,111522633.7,0.098907763,High
CL,Consumer Staples,463,-6.91E+08,27,9.70E+08,124,4.49E+08,59,9.40E+09,0,-1.43E+08,-6.70E+07,6.27E+09,0,-1.19E+08,1.38E+09,2.79E+09,17,9,91,0,1.20E+10,-2.99E+08,1.23E+10,1.53,904575163.4,-0.03714408,High
CMG,Consumer Discretionary,22,-257418000,237,248005000,291,130368000,26,1174287000,0,-206722000,16911000,0,622939000,-171460000,475602000,763589000,17,11,286,0,2725066000,2127974000,597092000,15.3,31085098.04,-0.298987598,Low
CMI,Industrials,19,-7.44E+08,48,1.71E+09,209,5.14E+08,26,4.95E+09,6.50E+07,-1.10E+07,-7.00E+07,1.58E+09,9.75E+08,-5.90E+08,1.40E+09,2.06E+09,11,7,138,7.35E+08,1.51E+10,7.41E+09,7.73E+09,7.86,177989821.9,-0.389540104,Low
CMS,Utilities,14,-1.56E+09,12,2.85E+08,101,7.50E+08,34,2.18E+09,4.00E+08,-3.85E+08,-2.60E+07,8.52E+09,1.09E+09,3.90E+07,5.37E+08,1.16E+09,18,8,67,0,2.03E+10,3.94E+09,1.63E+10,1.9,282631578.9,0.038273439,High
CNP,Utilities,20,-1.58E+09,43,2.64E+08,109,9.97E+08,31,2.28E+09,4.57E+08,1.80E+08,-2.76E+08,7.90E+09,2.99E+09,-3.40E+07,-6.92E+08,9.33E+08,13,9,95,0,2.13E+10,3.46E+09,1.79E+10,-1.61,429813664.6,-0.216389202,Low
COG,Energy,6,-955602000,0,514000,61,626665000,57,776156000,96911000,-45385000,-65244000,2.01E+09,103517000,-20440000,-113891000,-90362000,7,8,54,0,5261899000,2009188000,3252711000,-0.28,406753571.4,-0.402566687,Low
CTL,Telecommunications Services,6,-2.87E+09,3,1.26E+08,58,4.19E+09,57,1.01E+10,1.31E+09,0,-2.77E+08,1.87E+10,0,-2.00E+06,8.78E+08,2.61E+09,15,5,58,0,4.76E+10,1.41E+10,3.35E+10,1.58,555696202.5,-0.364325449,Low
CTSH,Information Technology,17,-272800000,182,2125200000,291,3.30E+08,40,4975800000,17700000,-1096100000,502200000,881200000,0,115100000,1623600000,2.14E+09,17,13,291,0,13065400000,9278100000,3787300000,2.67,608089887.6,0.139764527,High
CTXS,Information Technology,16,-160825000,52,368518000,100,428892000,81,2661230000,44153000,205987000,229152000,1311071000,891964000,108369000,319361000,350085000,11,10,100,563975000,5467517000,1973446000,3494071000,2.01,158886069.7,0.185736727,High
CVS,Consumer Staples,14,-2.37E+09,11,2.46E+09,126,2.09E+09,17,2.65E+10,8.38E+08,3.87E+08,3.50E+09,2.63E+10,0,-2.20E+07,5.24E+09,9.45E+09,6,3,65,0,9.24E+10,3.72E+10,5.52E+10,4.66,1123819742,0.015159371,High
CVX,Energy,3,-2.95E+10,43,1.10E+10,134,2.10E+10,29,3.71E+10,0,1.66E+08,-8.68E+08,3.37E+10,2.95E+10,-1.76E+09,4.59E+09,-3.71E+09,3,4,110,0,2.66E+11,1.53E+11,1.13E+11,2.46,1864634146,-0.198074532,Low
CXO,Energy,1,-2511403000,38,228550000,220,1230853000,70,1262214000,215384000,541574000,-73721000,3332188000,167038000,228529000,65900000,381003000,21,4,220,0,12641876000,6942551000,5699325000,0.54,122037037,-0.069072672,Low
D,Utilities,15,-5.58E+09,8,6.23E+08,52,1.67E+09,47,5.48E+09,9.04E+08,-9.01E+08,-2.51E+08,2.36E+10,5.77E+09,2.89E+08,1.90E+09,3.54E+09,30,16,35,0,5.88E+10,1.27E+10,4.61E+10,3.21,591588785,-0.120416161,Low
DAL,Industrials,42,-2.95E+09,31,3.96E+09,52,1.84E+09,58,2.36E+10,4.81E+08,-7.59E+08,-2.95E+08,6.77E+09,0,-1.16E+08,4.53E+09,7.80E+09,19,11,48,0,5.31E+10,1.09E+10,4.23E+10,5.68,796830985.9,0.030494003,High
DD,Materials,20,-1.63E+09,60,5.30E+09,169,1.47E+09,40,1.00E+10,3.42E+08,-1.61E+08,-1.30E+09,7.64E+09,6.88E+08,-1.61E+09,1.95E+09,3.05E+09,12,8,109,1.90E+09,4.12E+10,9.99E+09,3.12E+10,2.17,9.00E+08,-0.099269656,Low
DGX,Health Care,15,-2.63E+08,11,1.33E+08,128,3.04E+08,38,2.84E+09,1.53E+08,-3.20E+07,-7.20E+07,3.49E+09,4.73E+08,-5.90E+07,7.09E+08,1.40E+09,19,9,121,0,9.96E+09,4.68E+09,5.28E+09,4.92,144105691.1,0.060841055,High
DHR,Industrials,14,-6.33E+08,13,790800000,127,1051300000,52,10762500000,162800000,-44100000,221800000,12025200000,0,-2214800000,3357400000,3469100000,17,16,93,1239100000,48222200000,23690300000,24531900000,4.81,698004158,0.08365418,High
DLPH,Consumer Discretionary,64,-7.04E+08,14,5.36E+08,130,5.51E+08,20,3.01E+09,1.27E+08,0,-5.80E+07,3.96E+09,9.40E+07,-3.25E+08,1.45E+09,1.72E+09,11,10,100,0,1.20E+10,2.25E+09,9.72E+09,5.08,285433070.9,0.178905416,High
DNB,Industrials,15,-12800000,38,365700000,100,98500000,100,1637100000,5.10E+07,-21900000,4400000,1804100000,4200000,46300000,168800000,3.37E+08,21,10,100,0,2273600000,-1116800000,3390400000,4.68,36068376.07,-0.140790337,Low
DOV,Industrials,24,-154251000,26,362185000,177,327089000,37,2568144000,131676000,-17752000,-108335000,2603655000,0,-319396000,869829000,920762000,13,13,118,0,8606076000,3644575000,4961501000,5.52,157577717.4,-0.145147795,Low
DPS,Consumer Staples,35,-1.79E+08,58,9.11E+08,115,1.63E+08,59,3.72E+09,1.17E+08,-3.50E+07,2.20E+07,2.88E+09,3.10E+07,6.83E+08,7.64E+08,1.30E+09,21,12,102,0,8.87E+09,2.18E+09,6.69E+09,4,1.91E+08,0.300223172,High
DUK,Utilities,7,-6.77E+09,8,8.57E+08,73,3.61E+09,41,9.73E+09,1.61E+09,1.37E+09,-1.19E+08,3.75E+10,6.32E+09,-1.18E+09,2.82E+09,5.37E+09,23,12,40,0,1.21E+11,3.97E+10,8.14E+10,4.05,695308642,-0.145439333,Low
DVA,Health Care,6,-707998000,79,1499116000,188,638024000,29,3957003000,0,-97032000,256947000,9001308000,167490000,533875000,269732000,1170695000,8,2,180,0,18514875000,4870780000,13644095000,1.27,212387401.6,-0.079614459,Low
DVN,Energy,205,-6.42E+09,70,2.31E+09,122,3.39E+09,84,1.10E+10,5.17E+08,0,-6.00E+06,1.21E+10,0,8.30E+08,-1.45E+10,-2.07E+10,158,110,122,0,2.95E+10,7.05E+09,2.24E+10,-35.55,406582278.5,-0.477209598,Low
EBAY,Information Technology,26,-6.68E+08,271,1.83E+09,349,6.87E+08,79,6.82E+09,0,3.70E+07,-1.00E+06,6.75E+09,3.39E+09,-4.50E+09,1.73E+09,2.20E+09,26,20,349,9.23E+08,1.78E+10,6.58E+09,1.12E+10,1.43,1206293706,-0.510334962,Low
ECL,Materials,15,-7.71E+08,2,92800000,93,859500000,47,6321600000,243600000,108400000,62300000,4260200000,0,-116800000,1002100000,1561300000,12,7,64,0,18641700000,6909900000,11731800000,3.38,296479289.9,0.094336015,High
ED,Utilities,9,0,20,9.44E+08,81,1.08E+09,44,5.49E+09,6.53E+08,-3.35E+09,2.01E+08,1.20E+10,8.84E+08,2.49E+08,1.19E+09,2.43E+09,19,10,74,0,4.56E+10,1.31E+10,3.26E+10,4.07,293120393.1,-0.026359717,High
EFX,Financials,19,-146200000,15,93300000,93,2.00E+08,67,1776200000,63800000,-1.00E+05,123800000,1145900000,0,-3.50E+07,429100000,693900000,26,16,93,0,4.51E+09,2310900000,2198100000,3.61,118864265.9,0.377148496,High
EIX,Utilities,10,-4.23E+09,3,1.61E+08,54,2.01E+09,37,4.27E+09,5.55E+08,3.74E+08,8.00E+06,1.10E+10,4.62E+09,2.90E+07,1.12E+09,2.01E+09,17,10,48,0,5.03E+10,1.14E+10,3.89E+10,3.13,356869009.6,-0.095754486,Low
EMN,Materials,22,-6.52E+08,14,2.93E+08,140,5.71E+08,27,2.58E+09,2.63E+08,0,-3.61E+08,6.61E+09,0,7.90E+07,8.48E+08,1.38E+09,14,9,68,2.51E+08,1.56E+10,3.94E+09,1.17E+10,5.71,148511383.5,-0.110071169,Low
EOG,Energy,35,-5013163000,39,718506000,142,3313644000,75,6579671000,237393000,0,-1463656000,6653685000,0,-1368707000,-4524515000,-6686079000,76,52,110,0,26975244000,12943035000,14032209000,-8.29,545779855.2,-0.231128478,Low
EQIX,Real Estate,7,-906402000,164,2708255000,197,541630000,53,1434361000,299055000,514108000,126114000,5564542000,4584000,1617921000,187774000,567342000,21,7,197,0,10356695000,2745386000,7611309000,3.25,57776615.38,0.33374498,High
EQT,Energy,2,-2434018000,201,1601232000,283,819216000,73,1430957000,146531000,0,-37623000,2793343000,77025000,523803000,85171000,177377000,9,4,283,0,13976172000,5077791000,8898381000,0.56,152091071.4,-0.311360594,Low
ES,Utilities,8,-1724139000,1,23947000,88,688195000,44,3538633000,372420000,82051000,-61336000,8805574000,516478000,-14756000,878485000,1764164000,22,11,76,0,30580309000,10352215000,20228094000,2.77,317142599.3,-0.04577728,High
ETN,Industrials,13,-5.06E+08,10,2.68E+08,143,9.25E+08,31,6.56E+09,2.32E+08,3.70E+07,-2.33E+08,7.78E+09,0,-5.13E+08,1.98E+09,2.34E+09,11,9,93,6.25E+08,3.10E+10,1.52E+10,1.58E+10,4.25,465647058.8,-0.234255418,Low
ETR,Utilities,2,-2500860000,44,1350961000,132,2117236000,35,4063978000,670096000,-58211000,-520388000,13138557000,5822998000,-71065000,-156734000,-299165000,3,1,96,0,44647681000,9256791000,35390890000,-0.99,158317171.7,-0.218564259,Low
EW,Health Care,20,-102700000,257,718400000,430,65800000,75,1876500000,17200000,119600000,163900000,599900000,383500000,64600000,494900000,635700000,25,20,359,383100000,4059300000,2503100000,1556200000,2.3,215173913,-0.37996542,Low
EXPD,Industrials,27,-44383000,94,807796000,231,46012000,33,2187777000,0,40294000,-65782000,0,0,-119311000,457223000,721484000,11,7,231,0,2582438000,1691993000,890445000,2.42,188935124,0.010984017,High
EXPE,Consumer Discretionary,16,-787041000,29,1687623000,50,671206000,80,5362758000,126195000,-56180000,325589000,3183140000,642802000,273599000,764465000,413566000,6,11,50,0,15485675000,4864394000,10621281000,5.87,130232538.3,0.456185585,High
F,Consumer Discretionary,26,-7.20E+09,43,1.43E+10,125,7.97E+09,12,1.81E+10,7.73E+08,3.78E+10,7.76E+09,8.99E+10,4.88E+10,3.52E+09,7.37E+09,7.65E+09,5,5,114,0,2.25E+11,2.86E+10,1.96E+11,1.86,3963978495,-0.090967742,Low
FAST,Industrials,29,-155168000,35,129019000,446,86598000,50,1948934000,3108000,0,5148000,302950000,0,14523000,516361000,828755000,21,13,201,0,2532462000,1801289000,731173000,1.77,291729378.5,-0.141715746,Low
FB,Information Technology,8,-2.52E+09,958,4.91E+09,1125,1.95E+09,84,1.51E+10,0,-6.70E+09,1.90E+09,1.07E+08,0,5.92E+08,3.67E+09,6.23E+09,35,20,1125,4.82E+09,4.94E+10,4.42E+10,5.19E+09,1.31,2800763359,0.341451013,High
FBHS,Industrials,13,-128500000,31,238500000,187,115700000,35,1581900000,31900000,0,41200000,1171600000,0,46600000,3.15E+08,496100000,11,7,114,0,4878600000,2450900000,2427700000,1.97,159898477.2,0.225977469,High
FCX,Materials,155,-6.35E+09,5,2.24E+08,173,3.71E+09,80,-1.26E+10,6.45E+08,0,-9.16E+08,1.98E+10,0,-2.40E+08,-1.22E+10,-1.34E+10,84,77,62,1.27E+08,4.66E+10,7.83E+09,3.87E+10,-11.31,1074801061,-0.710188369,Low
FIS,Information Technology,7,-133300000,29,687600000,149,680300000,33,2.20E+09,199100000,0,91100000,11497800000,0,194800000,650800000,1099200000,17,10,149,0,26268800000,9.32E+09,16947800000,2.22,293153153.2,-0.02572352,High
FISV,Information Technology,27,-3.59E+08,18,2.75E+08,100,4.17E+08,45,2.35E+09,1.69E+08,1.00E+06,1.44E+08,4.29E+09,0,-1.90E+07,7.12E+08,1.31E+09,25,14,100,0,9.34E+09,2.66E+09,6.68E+09,3.04,234210526.3,0.288713509,High
FLIR,Industrials,15,-68234000,81,472785000,220,49534000,48,753561000,14086000,0,16460000,93750000,0,-58589000,241686000,305764000,20,16,153,132892000,2406400000,1649515000,756885000,1.73,139702890.2,-0.131228749,Low
FLR,Industrials,14,-240220000,73,1949886000,174,250791000,6,1094696000,44770000,-65719000,0,986564000,558564000,-43239000,412512000,686471000,4,2,127,0,7625406000,2997347000,4628059000,2.85,144741052.6,-0.221177631,Low
FLS,Industrials,16,-181861000,27,366444000,184,127087000,33,1487318000,65270000,0,-101670000,1560562000,0,-83906000,267669000,525568000,12,6,110,0,4980657000,1666477000,3314180000,2.01,133168656.7,-0.296673899,Low
FMC,Materials,26,-108500000,5,78600000,204,115700000,33,1075400000,81400000,66400000,-585500000,2036300000,2500000,-30900000,4.89E+08,-50200000,2,15,149,143700000,6325900000,1865700000,4460200000,3.66,133606557.4,-0.313869863,Low
FSLR,Information Technology,10,-166438000,190,1126826000,348,257825000,26,919267000,6975000,11088000,-34060000,251325000,417692000,-355228000,546421000,516664000,14,15,309,130593000,7316331000,5548487000,1767844000,5.42,100815682.7,0.479596434,High
FTR,Telecommunications Services,3,-8.63E+08,496,9.38E+09,535,1.51E+09,100,5.58E+09,1.11E+09,-8.44E+09,1.02E+08,1.55E+10,0,2.54E+08,-1.96E+08,7.45E+08,13,4,535,0,2.71E+10,5.61E+09,2.15E+10,-0.29,675862069,-0.299850075,Low
GD,Industrials,28,-5.69E+08,22,2.79E+09,117,4.82E+08,19,6.13E+09,0,5.00E+08,-1.90E+09,2.90E+09,0,-1.60E+09,2.97E+09,4.18E+09,13,9,90,0,3.20E+10,1.07E+10,2.13E+10,9.23,321235102.9,-0.001889217,High
GILD,Health Care,98,-7.47E+08,148,1.29E+10,250,1.10E+09,88,2.86E+10,6.88E+08,-1.17E+10,3.50E+09,2.12E+10,1.16E+10,2.82E+09,1.81E+10,2.22E+10,68,55,231,3.01E+09,5.18E+10,1.85E+10,3.33E+10,12.37,1463864188,0.073520049,High
GLW,Industrials,7,-1.25E+09,163,4.50E+09,294,1.18E+09,40,3.65E+09,1.40E+08,6.33E+08,-1.46E+08,3.89E+09,1.98E+09,-8.09E+08,1.34E+09,1.32E+09,15,15,245,7.69E+08,2.85E+10,1.88E+10,9.74E+09,1.02,1312745098,-0.20279106,Low
GM,Consumer Discretionary,24,-7.87E+09,33,1.52E+10,97,8.02E+09,12,1.83E+10,4.43E+08,-1.90E+10,0,4.35E+10,2.77E+10,-3.86E+09,9.69E+09,4.90E+09,3,6,78,0,1.94E+11,3.99E+10,1.54E+11,6.11,1585433715,-0.025780636,High
GPC,Consumer Discretionary,22,-109544000,5,211631000,141,141675000,30,4555852000,21662000,0,331419000,2.50E+08,0,73901000,705672000,1124414000,7,5,65,0,8144771000,3146567000,4998204000,4.65,151757419.4,-0.194050868,Low
GT,Consumer Discretionary,8,-9.83E+08,30,1.48E+09,124,7.21E+08,26,4.28E+09,4.38E+08,-8.00E+06,1.16E+08,5.07E+09,0,-6.85E+08,3.07E+08,1.55E+09,9,2,74,0,1.64E+10,3.92E+09,1.25E+10,1.14,269298245.6,0.143507105,High
GWW,Industrials,34,-373868000,16,290136000,170,227967000,42,4231428000,33571000,-20382000,-67954000,1388414000,0,63492000,768996000,1300320000,13,8,91,0,5857755000,2266634000,3591121000,11.69,65782378.1,-0.205186564,Low
HAL,Energy,4,-2.18E+09,189,1.01E+10,376,1.84E+09,11,2.52E+09,0,0,-6.03E+08,1.47E+10,0,7.79E+09,-6.71E+08,-1.65E+08,1,3,320,0,3.69E+10,1.55E+10,2.15E+10,-0.79,849367088.6,-0.134502943,Low
HCA,Health Care,28,-2.38E+09,13,7.41E+08,167,1.94E+09,83,3.30E+10,1.67E+09,6.30E+07,1.92E+08,3.03E+10,6.10E+08,1.75E+08,2.13E+09,5.97E+09,15,5,141,0,3.27E+10,-7.60E+09,4.03E+10,5.14,414202334.6,-0.078484836,Low
HES,Energy,16,-4.32E+09,103,2.72E+09,168,3.96E+09,50,3.31E+09,3.41E+08,0,-6.46E+08,6.54E+09,0,2.72E+08,-3.06E+09,-3.84E+09,58,46,152,0,3.42E+10,1.94E+10,1.48E+10,-10.78,283487940.6,-0.343267407,Low
HOG,Consumer Discretionary,41,-259974000,31,810476000,145,0,40,2375790000,12117000,-603438000,0,4845388000,4814571000,-184471000,752207000,1155695000,19,13,123,0,9991167000,1839654000,8151513000,3.71,202751212.9,-0.311333694,Low
HON,Industrials,26,-1.07E+09,41,5.46E+09,109,8.83E+08,31,1.18E+10,0,-1.27E+08,-6.84E+08,5.55E+09,9.43E+08,-1.50E+09,4.77E+09,6.83E+09,18,12,85,0,4.93E+10,1.83E+10,3.10E+10,6.11,780360065.5,0.036529244,High
HST,Real Estate,8,-3.97E+08,47,2.54E+08,47,7.37E+08,63,3.38E+09,2.34E+08,-1.73E+08,-5.60E+07,4.02E+09,4.01E+08,-4.45E+08,5.58E+08,6.50E+08,12,10,47,0,1.18E+10,7.06E+09,4.72E+09,0.22,2536363636,-0.354648717,Low
IBM,Information Technology,92,-3.58E+09,24,7.69E+09,124,3.86E+09,50,4.07E+10,4.68E+08,-6.29E+08,5.90E+07,3.34E+10,1.52E+10,-7.90E+08,1.32E+10,1.57E+10,19,16,120,5.25E+09,1.10E+11,1.43E+10,9.62E+10,13.48,978486646.9,-0.142233899,Low
IFF,Materials,26,-101030000,25,181988000,196,89597000,45,1351599000,46062000,12128000,100998000,937844000,0,-296585000,419247000,588347000,19,14,117,246101000,3721454000,1590318000,2126464000,5.19,80779768.79,0.180347256,High
IP,Materials,24,0,27,1.05E+09,165,1.29E+09,31,6.90E+09,5.55E+08,-1.98E+08,-1.06E+08,1.52E+10,2.28E+08,-8.31E+08,9.38E+08,2.00E+09,9,4,108,0,3.06E+10,3.88E+09,2.67E+10,2.25,416888888.9,-0.296379254,Low
IPG,Consumer Discretionary,23,-161100000,20,1502900000,101,233100000,100,7613800000,85800000,1.00E+05,365600000,1610300000,0,-157700000,454600000,871900000,11,6,101,0,12585100000,1965500000,10619600000,1.11,409549549.6,0.120847424,High
IRM,Real Estate,24,-290249000,15,128381000,102,354713000,57,1717951000,263871000,0,-59452000,4757610000,0,2448000,123241000,524527000,17,4,102,0,6350587000,508841000,5841746000,0.58,212484482.8,-0.301345059,Low
ISRG,Health Care,14,-8.10E+07,317,714600000,446,89500000,66,1577900000,0,-768500000,7900000,0,1.79E+09,114300000,588800000,7.40E+08,31,25,412,197400000,4907300000,4319500000,587800000,15.87,37101449.28,0.032555622,High
ITW,Industrials,36,-2.84E+08,130,3.09E+09,284,4.77E+08,41,5.52E+09,2.26E+08,2.20E+07,-1.13E+08,6.90E+09,0,-9.00E+08,1.90E+09,2.87E+09,21,14,238,0,1.57E+10,5.22E+09,1.05E+10,5.16,368023255.8,-0.021330486,High
IVZ,Financials,12,-124500000,67,2214700000,123,93600000,100,5122900000,270600000,-540300000,4442100000,2072800000,0,4.12E+08,968100000,1358400000,27,19,123,0,25073200000,7885300000,17187900000,2.26,428362831.9,-0.152834008,Low
JBHT,Industrials,33,-725122000,1,5566000,161,339613000,41,2522068000,25577000,0,8568000,1005026000,0,-395000,427235000,715694000,12,7,157,0,3636567000,1300352000,2336215000,3.69,115781842.8,-0.129258148,Low
JNPR,Information Technology,14,-210300000,108,1420900000,162,176500000,63,3078600000,0,-304200000,164800000,1648800000,1244200000,-218700000,633700000,9.12E+08,19,13,162,994500000,8619200000,4574400000,4044800000,1.62,391172839.5,0.23655914,High
KMB,Consumer Staples,582,-1.06E+09,10,6.19E+08,85,7.46E+08,36,6.62E+09,2.95E+08,-1.46E+08,0,6.17E+09,2.47E+08,-1.70E+08,1.01E+09,1.61E+09,9,5,55,0,1.48E+10,-1.74E+08,1.50E+10,2.78,364388489.2,0.101782949,High
KO,Consumer Staples,29,-2.55E+09,74,7.31E+09,124,1.97E+09,61,2.68E+10,8.56E+08,-1.75E+09,0,2.84E+10,1.58E+10,-1.65E+09,7.35E+09,8.73E+09,20,17,113,0,9.01E+10,2.56E+10,6.45E+10,1.69,4349704142,0.01752719,High
KSU,Industrials,12,-832200000,18,136600000,71,284600000,69,1659600000,81900000,-17400000,-31400000,2.05E+09,34700000,-211400000,483500000,803800000,33,20,53,0,8.34E+09,3914300000,4426700000,4.41,109637188.2,-0.388101298,Low
LEG,Industrials,30,-103200000,36,253200000,187,113200000,24,923200000,41100000,0,-104900000,945400000,0,-79600000,329200000,486500000,12,8,115,0,2967600000,1085600000,1869900000,2.31,142510822.5,-0.013846538,High
LLL,Industrials,6,-1.97E+08,7,2.07E+08,147,2.85E+08,9,8.90E+08,1.69E+08,0,-3.40E+07,3.14E+09,0,-2.35E+08,-2.40E+08,4.75E+08,5,2,135,0,1.21E+10,4.36E+09,7.73E+09,-2.97,80808080.81,-0.053086103,High
LLY,Health Care,17,-1066200000,54,3666400000,153,1427700000,75,14921500000,0,1161500000,461600000,7972400000,3646600000,-205200000,2408400000,2.79E+09,14,12,111,4796400000,35568900000,14571300000,20978600000,2.27,1060969163,0.22133649,High
LMT,Industrials,116,-9.39E+08,8,1.09E+09,105,1.03E+09,11,4.49E+09,4.43E+08,0,8.76E+08,1.43E+10,0,-3.56E+08,3.61E+09,4.71E+09,12,9,70,0,4.93E+10,3.10E+09,4.62E+10,11.62,310240963.9,0.127641824,High
LNT,Utilities,10,0,0,5800000,61,413700000,33,1.08E+09,187100000,-1034300000,30100000,3522200000,346300000,-51100000,388400000,5.77E+08,18,12,44,0,12495200000,3924100000,8571100000,3.36,115595238.1,-0.05977111,Low
LUK,Financials,2,-295894000,81,4389732000,133,172073000,24,2439269000,908881000,1067441000,-5472653000,7407594000,2361089000,-638127000,252111000,-412289000,4,2,133,0,46339812000,10401211000,35813601000,0.74,340690540.5,-0.224353301,Low
LUV,Industrials,30,-2.04E+09,41,1.58E+09,54,1.02E+09,70,1.38E+10,9.00E+07,2.37E+08,1.06E+09,2.54E+09,0,3.01E+08,2.18E+09,4.12E+09,21,11,50,0,2.13E+10,7.36E+09,1.40E+10,3.3,660909090.9,0.017485846,High
LVLT,Telecommunications Services,34,-1.23E+09,61,8.62E+08,124,1.19E+09,48,3.96E+09,6.42E+08,0,2.30E+07,1.10E+10,0,2.74E+08,3.43E+09,1.33E+09,16,42,124,0,2.41E+10,1.01E+10,1.40E+10,9.71,353553038.1,0.100850545,High
LYB,Materials,68,-1.44E+09,46,9.31E+08,225,1.06E+09,22,7.05E+09,3.10E+08,4.16E+08,-7.86E+08,7.67E+09,2.13E+09,-1.07E+08,4.48E+09,6.12E+09,19,14,132,1.02E+08,2.28E+10,6.55E+09,1.62E+10,9.62,465280665.3,0.094596336,High
MA,Information Technology,63,-1.77E+08,130,7.18E+09,175,1.13E+09,100,9.67E+09,6.10E+07,2.10E+08,1.25E+08,3.27E+09,0,6.10E+08,3.81E+09,5.08E+09,53,39,175,0,1.63E+10,6.03E+09,1.02E+10,3.36,1133333333,0.129990674,High
MAR,Consumer Discretionary,24,-3.05E+08,3,9.60E+07,43,1.39E+08,15,2.12E+09,1.67E+08,1.40E+08,0,3.81E+09,3.80E+08,-8.00E+06,8.59E+08,1.35E+09,9,6,43,0,6.08E+09,-3.59E+09,9.67E+09,3.22,266770186.3,-0.140843242,Low
MAS,Industrials,263,-1.58E+08,61,1.47E+09,138,1.53E+08,32,2.25E+09,2.25E+08,3.50E+07,8.20E+07,2.40E+09,0,8.50E+07,3.55E+08,9.14E+08,13,5,110,0,5.66E+09,-1.35E+08,5.80E+09,1.03,344660194.2,0.123015789,High
MAT,Consumer Discretionary,14,-254181000,54,892814000,194,265427000,49,2806358000,85270000,-61509000,248047000,1.80E+09,0,-78836000,369416000,540922000,9,6,159,0,6552689000,2633254000,3919435000,1.08,342051851.9,-0.1221325,Low
MCD,Consumer Discretionary,64,-1813900000,260,7685500000,327,1555700000,39,9789200000,0,0,303600000,24122100000,792700000,5607600000,4529300000,7145500000,28,18,323,0,37938700000,7087900000,30850800000,4.82,939688796.7,0.260832474,High
MCO,Financials,167,-8.90E+07,183,1757400000,266,113500000,72,2508200000,115100000,4600000,103500000,3.40E+09,0,537900000,941300000,1473400000,42,27,266,0,5123400000,-5.65E+08,5688400000,4.7,200276595.7,0.047281057,High
MDLZ,Consumer Staples,26,-1.51E+09,17,1.87E+09,82,8.94E+08,39,1.15E+10,1.01E+09,-5.44E+08,6.00E+08,1.46E+10,5.39E+09,2.39E+08,7.27E+09,8.90E+09,30,25,58,0,6.28E+10,2.80E+10,3.48E+10,4.49,1618485523,0.234241606,High
MHK,Consumer Discretionary,13,-503657000,3,81692000,100,362647000,30,2410686000,71086000,0,-23725000,1196928000,0,-16185000,615302000,837566000,10,8,50,0,9942364000,4854173000,5088191000,2.59,237568339.8,0.219039636,High
MJN,Consumer Staples,103,-173700000,136,1701400000,208,99100000,64,2.62E+09,6.50E+07,0,2700000,2.98E+09,0,403700000,653500000,975200000,24,16,169,108400000,3998100000,-632300000,4630400000,3.28,199237804.9,-0.214740439,Low
MLM,Materials,7,-318232000,46,168409000,295,263587000,20,721767000,76287000,1808000,-40053000,1553649000,0,59758000,288792000,479416000,14,8,167,0,6961732000,4057284000,2904448000,4.31,67005104.41,0.238034826,High
MMM,Industrials,42,-1.46E+09,27,1.80E+09,154,1.44E+09,49,1.49E+10,1.49E+08,1.30E+09,-7.35E+08,8.75E+09,1.26E+08,-9.90E+07,4.83E+09,6.95E+09,23,16,105,1.76E+09,3.29E+10,1.14E+10,2.15E+10,7.72,626036269.4,-0.083252236,Low
MO,Consumer Staples,182,-2.29E+08,33,2.37E+09,86,2.25E+08,44,1.11E+10,8.17E+08,-1.32E+08,3.56E+08,1.29E+10,6.72E+09,-9.52E+08,5.24E+09,8.36E+09,33,21,57,0,3.25E+10,2.88E+09,2.97E+10,2.67,1962921348,0.181449137,High
MOS,Materials,10,-1000300000,62,1276300000,202,772200000,19,1717900000,97800000,-172700000,263800000,3769500000,980500000,-1098300000,1000400000,1278800000,14,11,126,0,17389500000,9531800000,7857700000,2.79,358566308.2,-0.395618865,Low
MPC,Energy,22,-2.00E+09,18,1.13E+09,149,1.65E+09,22,1.62E+10,0,-1.55E+09,-2.40E+09,1.19E+10,3.62E+09,-3.67E+08,2.85E+09,4.49E+09,6,4,67,0,4.31E+10,1.32E+10,2.99E+10,5.29,539130434.8,-0.425659219,Low
MRK,Health Care,10,-1.28E+09,70,8.52E+09,155,6.38E+09,62,2.46E+10,0,3.87E+09,-5.88E+08,2.39E+10,1.30E+10,1.08E+09,4.44E+09,6.93E+09,18,11,131,6.70E+09,1.02E+11,4.47E+10,5.71E+10,1.58,2811392405,-0.06990669,Low
MRO,Energy,12,-3.48E+09,71,1.22E+09,150,2.96E+09,69,3.83E+09,0,7.70E+07,-9.65E+08,7.28E+09,1.00E+09,-1.18E+09,-2.20E+09,-3.03E+09,55,40,132,0,3.23E+10,1.86E+10,1.38E+10,-3.26,676073619.6,-0.554966435,Low
MTD,Health Care,61,-82506000,18,98887000,142,64038000,56,1351993000,27451000,-5415000,23703000,575138000,0,13624000,352820000,490008000,20,15,104,119076000,1959335000,580457000,1378878000,12.75,27672156.86,0.121239222,High
MUR,Energy,43,-2549736000,27,283183000,86,1751097000,70,1954810000,117375000,217352000,0,3040594000,0,-910125000,-2270833000,-3332217000,120,81,77,0,11493812000,5306728000,6187084000,-13.03,174277283.2,-0.555621516,Low
NBL,Energy,24,-2.98E+09,57,1.03E+09,126,2.13E+09,69,2.20E+09,2.63E+08,1.08E+08,-5.28E+08,7.98E+09,0,-1.55E+08,-2.44E+09,-2.47E+09,78,77,126,0,2.42E+10,1.04E+10,1.38E+10,-6.07,402141680.4,-0.305713683,Low
NEE,Utilities,12,-3.51E+09,6,5.71E+08,67,3.20E+09,51,8.89E+09,1.21E+09,-4.24E+09,-1.40E+08,2.67E+10,2.99E+09,-6.00E+06,2.75E+09,4.63E+09,26,16,55,0,8.25E+10,2.26E+10,5.99E+10,6.11,450409165.3,-0.022579753,High
NEM,Materials,2,-1.40E+09,198,2.78E+09,352,1.24E+09,44,3.42E+09,3.25E+08,2.90E+07,0,6.09E+09,4.02E+08,3.79E+08,2.20E+08,1.16E+09,15,3,238,2.89E+08,2.52E+10,1.14E+10,1.38E+10,0.43,511627907,-0.048148148,High
NFLX,Information Technology,6,-91248000,65,1809330000,154,3547045000,32,2188035000,132716000,-8074000,172560000,2371362000,0,695722000,122641000,305826000,5,2,154,650788000,10202871000,2223426000,7979445000,0.29,422900000,-0.665173753,Low
NFX,Energy,244,-1.75E+09,1,5.00E+06,97,9.17E+08,68,1.06E+09,1.31E+08,0,-1.80E+07,2.47E+09,1.25E+08,-9.00E+06,-3.36E+09,-5.06E+09,325,216,91,0,4.77E+09,1.38E+09,3.39E+09,-21.18,158734655.3,0.200589963,High
NLSN,Industrials,13,-1.34E+08,21,3.57E+08,113,5.74E+08,59,3.63E+09,3.11E+08,3.00E+07,6.00E+07,7.03E+09,0,8.40E+07,5.70E+08,1.09E+09,18,9,113,0,1.53E+10,4.43E+09,1.09E+10,1.55,367741935.5,0.041806349,High
NOV,Energy,5,-4.53E+08,49,2.08E+09,278,7.47E+08,21,3.06E+09,1.03E+08,0,-2.56E+09,3.93E+09,3.27E+08,-1.46E+09,-7.69E+08,-3.90E+08,3,5,168,0,2.67E+10,1.64E+10,1.03E+10,-1.99,386432160.8,-0.488936327,Low
NSC,Industrials,13,-2.39E+09,49,1.10E+09,113,1.06E+09,65,6.85E+09,5.45E+08,2.35E+08,-1.52E+08,9.39E+09,2.57E+09,1.28E+08,1.56E+09,2.88E+09,27,15,100,0,3.41E+10,1.22E+10,2.20E+10,5.13,303313840.2,-0.228263888,Low
NUE,Materials,5,-374123000,147,1939469000,415,700017000,10,1581262000,173531000,-475000,-432399000,4360600000,0,915325000,357659000,877440000,5,2,261,0,14250399000,7416878000,6833521000,1.11,322215315.3,-0.178389402,Low
NWL,Consumer Discretionary,19,-211400000,14,274800000,125,171600000,39,2304600000,79900000,0,4.40E+07,2687600000,0,75400000,3.50E+08,601400000,10,6,89,0,7.28E+09,1822900000,5455100000,1.3,269230769.2,0.157259176,High
OKE,Energy,73,-1188312000,6,97619000,60,354620000,27,2122154000,416787000,33915000,-223596000,8323582000,948221000,-75150000,244977000,996159000,13,3,47,0,15446111000,335798000,15110313000,1.17,209382051.3,-0.504719833,Low
OMC,Consumer Discretionary,45,-202700000,18,2605200000,84,281900000,17,2.64E+09,181100000,-5.00E+05,0,3564200000,136600000,217100000,1093900000,1920100000,13,7,76,0,22110700000,2452400000,19658300000,4.43,246930022.6,-0.023363844,High
ORLY,Consumer Discretionary,47,-414020000,4,116301000,99,212362000,52,4162643000,57129000,4074000,271310000,1390018000,13219000,-134259000,931216000,1514021000,19,12,12,0,6676684000,1961314000,4715370000,9.32,99915879.83,0.315647412,High
OXY,Energy,32,-5.27E+09,64,4.39E+09,137,4.54E+09,53,6.68E+09,1.47E+08,8.19E+08,-2.32E+09,6.88E+09,2.40E+09,-5.88E+08,-7.83E+09,-9.76E+09,78,63,123,0,4.34E+10,2.44E+10,1.91E+10,-10.23,765298142.7,-0.161270312,Low
PBI,Industrials,228,-166329000,34,650557000,102,173312000,56,2019469000,87583000,-67522000,-89042000,2507912000,763054000,-403561000,407943000,603570000,17,11,98,110156000,6141462000,178721000,5962740000,2.04,199972058.8,-0.152646732,Low
PCAR,Industrials,23,-1725200000,110,2016400000,171,0,18,3379200000,1.18E+08,-676900000,339500000,5.80E+09,9303600000,278800000,1.60E+09,2001800000,11,9,146,239800000,21109800000,6940400000,11605100000,4.52,354867256.6,-0.303043661,Low
PCG,Utilities,5,-5.17E+09,6,3.57E+08,91,2.61E+09,24,4.12E+09,7.73E+08,-1.24E+08,-1.20E+07,1.59E+10,2.61E+09,-2.80E+07,8.88E+08,1.51E+09,9,5,84,0,6.32E+10,1.66E+10,4.64E+10,1.81,490607734.8,-0.0009392,High
PCLN,Consumer Discretionary,29,-173915000,184,1478071000,247,346759000,93,8591807000,160229000,-3585452000,166201000,6158443000,7931363000,-1671386000,2551360000,3258907000,35,28,247,0,17420575000,8795469000,8625106000,50.09,50935516.07,0.118171209,High
PEG,Utilities,13,-3.86E+09,11,3.94E+08,98,1.43E+09,40,4.18E+09,3.93E+08,-3.70E+07,-2.00E+08,8.83E+09,3.73E+09,-8.00E+06,1.68E+09,2.96E+09,28,16,70,0,3.75E+10,1.31E+10,2.45E+10,3.32,505722891.6,-0.065684641,Low
PFE,Health Care,11,-1.40E+09,79,3.64E+09,149,5.16E+09,80,3.92E+10,0,1.46E+10,7.28E+08,3.28E+10,1.60E+10,2.98E+08,6.96E+09,1.18E+10,24,14,123,7.69E+09,1.67E+11,6.47E+10,1.03E+11,1.13,6159292035,0.036276051,High
PM,Consumer Staples,52,-9.60E+08,22,3.42E+09,103,7.54E+08,24,1.74E+10,1.01E+09,-5.50E+07,1.06E+08,2.53E+10,8.90E+08,1.74E+09,6.87E+09,1.06E+10,14,9,48,0,3.40E+10,-1.32E+10,4.72E+10,4.42,1554977376,0.07931255,High
PNR,Industrials,2,-134300000,8,126300000,187,271700000,34,2185800000,108700000,0,-80400000,4709300000,0,15900000,-76400000,177200000,3,1,108,119600000,1.19E+10,4008800000,7848200000,-0.42,181904761.9,-0.254290869,Low
PNW,Utilities,10,-1076087000,3,39488000,62,571664000,44,1525768000,194964000,-33508000,-94859000,3462391000,747302000,31884000,437257000,854602000,24,13,42,0,15028258000,4583917000,10444341000,3.94,110978934,-0.056067854,Low
PPG,Materials,28,-4.54E+08,31,1.31E+09,143,4.71E+08,44,6.56E+09,1.25E+08,3.27E+08,1.92E+08,4.03E+09,3.67E+08,6.25E+08,1.41E+09,1.84E+09,12,10,108,4.76E+08,1.71E+10,4.98E+09,1.21E+10,5.18,271428571.4,-0.572485388,Low
PPL,Utilities,7,-3.53E+09,22,8.36E+08,68,9.42E+08,78,5.95E+09,8.71E+08,1.36E+08,-2.38E+08,1.86E+10,0,-5.63E+08,6.82E+08,2.83E+09,37,9,59,0,3.93E+10,9.92E+09,2.94E+10,1.01,675247524.8,-0.060556039,Low
PSX,Energy,18,-5.76E+09,41,3.07E+09,163,1.10E+09,22,2.13E+10,3.10E+08,0,-2.53E+09,8.84E+09,1.21E+10,-2.13E+09,4.23E+09,4.43E+09,4,4,117,0,4.86E+10,2.31E+10,2.55E+10,7.78,543316195.4,0.140864804,High
PWR,Industrials,10,-209968000,11,128771000,189,198944000,12,923665000,8024000,-4338000,150531000,475364000,0,-61744000,321824000,237503000,3,4,183,0,5213543000,3085494000,2128049000,1.59,202405031.4,-0.286720651,Low
PX,Materials,35,-1.54E+09,8,1.47E+08,139,1.11E+09,45,4.82E+09,1.61E+08,0,-5.50E+07,8.98E+09,6.65E+08,2.10E+07,1.55E+09,2.32E+09,22,14,111,9.30E+07,1.83E+10,4.39E+09,1.39E+10,5.39,287012987,-0.209632575,Low
R,Industrials,15,-2667978000,4,60945000,65,1192728000,23,1485444000,150434000,70980000,-93132000,4868097000,510246000,10853000,304768000,509640000,8,5,62,0,10952580000,1987111000,8965469000,5.75,53003130.43,-0.387937499,Low
RCL,Consumer Discretionary,8,-1613340000,9,390713000,19,827008000,39,3199681000,277725000,-110507000,-87122000,7767378000,0,-67676000,665783000,874902000,11,8,17,0,20921855000,8063039000,12858816000,3.03,219730363,0.227829662,High
REGN,Health Care,17,-677933000,129,809102000,359,74909000,90,3711019000,14241000,-229668000,912549000,362919000,632162000,160383000,636056000,1251916000,31,15,330,1620577000,5609132000,3654837000,1954295000,6.17,103088492.7,0.323266289,High
RHI,Industrials,36,-75057000,34,224577000,183,53465000,42,2114471000,0,-28225000,80180000,1007000,0,-62542000,357796000,580480000,11,7,183,0,1671044000,1003781000,667263000,2.72,131542647.1,-0.19253172,Low
ROP,Industrials,13,-36260000,108,778511000,225,208397000,60,2164646000,84225000,0,2916000,3264417000,0,168081000,696067000,1027918000,29,19,198,0,10168365000,5298947000,4869418000,6.92,100587716.8,0.213879026,High
RRC,Energy,26,-1035085000,0,471000,125,1200712000,45,532736000,166439000,367000,-66667000,2651303000,7218000,23000,-713685000,-872936000,74,60,115,0,6900031000,2759658000,4140373000,-4.29,166360139.9,-0.539569681,Low
RSG,Industrials,10,-945600000,2,32400000,67,1.05E+09,39,3596400000,364900000,0,29600000,7527400000,0,-42800000,749900000,1558800000,17,8,67,0,20535900000,7774100000,12761800000,2.14,350420560.7,0.092919304,High
SCG,Utilities,14,-1.15E+09,9,1.76E+08,71,4.14E+08,38,1.67E+09,3.18E+08,4.93E+08,-1.92E+08,5.88E+09,7.10E+07,3.90E+07,7.46E+08,1.31E+09,30,17,55,0,1.71E+10,5.44E+09,1.17E+10,5.22,142911877.4,0.001490066,High
SE,Energy,3,-2.85E+09,6,2.13E+08,49,7.78E+08,55,2.90E+09,6.36E+08,9.80E+07,8.30E+07,1.29E+10,2.90E+09,-2.00E+06,1.96E+08,1.43E+09,27,4,40,0,3.29E+10,6.53E+09,2.64E+10,0.29,675862069,-0.340495822,Low
SEE,Materials,43,-1.84E+08,19,351700000,123,213300000,37,2586600000,227700000,2.40E+07,81400000,4266800000,0,7.30E+07,225400000,763400000,11,3,86,0,7.41E+09,527100000,6877900000,1.63,138282208.6,0.051143012,High
SHW,Materials,121,-234340000,10,205744000,124,198562000,49,5559226000,61791000,-65593000,170819000,1920196000,0,165012000,1053849000,1615440000,14,9,77,0,5791855000,867910000,4923945000,11.38,92605360.28,-0.01307787,High
SNI,Consumer Discretionary,40,-52480000,23,223444000,177,921052000,67,2030870000,108047000,19456000,116100000,3511098000,807630000,-654720000,606828000,1103932000,37,20,177,0,6672314000,1523931000,5148383000,4.68,129664102.6,-0.266507225,Low
SO,Utilities,11,-7.39E+09,15,1.40E+09,71,2.40E+09,44,7.68E+09,8.40E+08,3.96E+08,-5.67E+08,2.47E+10,1.51E+09,6.94E+08,2.42E+09,4.28E+09,24,14,50,0,7.83E+10,2.20E+10,5.62E+10,2.6,931153846.2,-0.047240887,High
SPGI,Financials,596,-1.39E+08,51,1.48E+09,113,1.57E+08,100,5.31E+09,1.02E+08,-4.00E+06,-1.67E+09,3.47E+09,0,-1.02E+09,1.16E+09,1.92E+09,36,22,113,0,8.18E+09,1.94E+08,7.99E+09,4.26,271361502.3,0.107889398,High
SRCL,Industrials,10,-114761000,9,55634000,130,127412000,42,1266185000,77498000,294000,47811000,3052639000,0,33398000,267046000,487612000,16,9,130,0,7077450000,2729891000,4347559000,3.02,88425827.81,-0.079951204,Low
SRE,Utilities,11,-3.16E+09,9,4.30E+08,63,1.25E+09,35,3.58E+09,5.61E+08,2.77E+08,1.30E+08,1.33E+10,4.50E+09,-1.67E+08,1.35E+09,1.94E+09,19,13,56,0,4.12E+10,1.18E+10,2.93E+10,5.43,248618784.5,-0.155800995,Low
SYK,Health Care,17,-2.70E+08,116,3.38E+09,227,3.97E+08,66,6.60E+09,0,2.38E+09,-1.39E+09,3.23E+09,0,1.58E+09,1.44E+09,1.86E+09,19,14,180,6.25E+08,1.62E+10,8.51E+09,7.71E+09,3.82,376701570.7,-0.014735503,High
T,Telecommunications Services,11,-1.92E+10,11,5.12E+09,75,2.20E+10,54,7.98E+10,4.12E+09,7.48E+08,5.56E+08,1.19E+11,1.61E+09,-3.48E+09,1.33E+10,2.48E+10,17,9,75,0,4.03E+11,1.23E+11,2.80E+11,2.37,5630801688,0.024412027,High
TAP,Consumer Staples,5,-2.75E+08,35,430900000,103,325500000,39,1.40E+09,120300000,-1600000,-114900000,2908700000,2.44E+09,-150300000,359500000,521800000,15,10,89,0,12276300000,7.04E+09,5233300000,1.94,185309278.4,0.26033282,High
TDC,Information Technology,25,-5.20E+07,88,8.39E+08,182,1.70E+08,50,1.28E+09,9.00E+06,8.50E+07,1.60E+07,5.70E+08,0,5.00E+06,-2.14E+08,-1.95E+08,8,8,177,2.28E+08,2.53E+09,8.49E+08,1.68E+09,-1.53,139869281,-0.39514652,Low
TMO,Health Care,9,-422900000,11,452100000,138,1688200000,46,7755900000,0,1.20E+07,1.45E+08,11473900000,0,-891400000,1975400000,2336200000,14,12,90,692300000,4.09E+10,21350200000,19538800000,4.96,398266129,0.132173397,High
TRIP,Consumer Discretionary,14,-1.09E+08,212,6.14E+08,277,9.30E+07,96,1.43E+09,1.00E+07,5.30E+07,6.70E+07,2.00E+08,3.70E+07,1.59E+08,1.98E+08,2.32E+08,16,13,277,0,2.13E+09,1.41E+09,7.16E+08,1.38,143478260.9,0.141842961,High
TSO,Energy,30,-1.03E+09,37,9.42E+08,170,7.72E+08,22,6.25E+09,2.17E+08,-9.70E+07,-8.63E+08,4.07E+09,0,-5.80E+07,1.54E+09,2.83E+09,10,5,79,0,1.63E+10,5.21E+09,1.11E+10,12.5,123200000,0.417215949,High
TSS,Information Technology,20,-54640000,115,389328000,260,260502000,33,924360000,0,-1686000,-29853000,1383634000,106118000,100145000,369041000,534107000,19,13,260,0,3908300000,1843018000,2065282000,1.98,186384343.4,0.466431109,High
TXN,Information Technology,30,-5.51E+08,126,1.00E+09,277,1.13E+09,58,7.56E+09,9.00E+07,1.25E+08,-1.70E+08,3.12E+09,2.21E+08,-1.99E+08,2.99E+09,4.27E+09,33,23,211,1.28E+09,1.62E+10,9.95E+09,6.28E+09,2.86,1044055944,0.025060781,High
UAL,Industrials,82,-2.75E+09,42,3.06E+09,63,1.82E+09,68,2.57E+10,6.20E+08,1.90E+08,-7.28E+08,1.04E+10,0,1.00E+09,7.34E+09,5.17E+09,14,19,57,0,4.09E+10,8.97E+09,3.19E+10,19.52,376024590.2,-0.143369714,Low
UHS,Health Care,16,-912976000,6,61228000,156,398618000,100,9043451000,113494000,-3300000,90202000,3387303000,0,29159000,680528000,1259395000,14,8,146,0,9634113000,4249647000,5384466000,6.89,98770391.87,0.073970842,High
UNP,Industrials,23,-4.65E+09,43,1.39E+09,129,2.01E+09,80,1.74E+10,6.22E+08,0,-3.61E+08,1.36E+10,1.41E+09,-1.95E+08,4.77E+09,8.05E+09,37,22,106,0,5.46E+10,2.07E+10,3.39E+10,5.51,866061706,-0.343574255,Low
UPS,Industrials,196,-2.38E+09,44,2.73E+09,123,2.08E+09,78,4.54E+10,3.41E+08,-1.02E+09,-2.16E+08,1.13E+10,4.73E+08,4.39E+08,4.84E+09,7.67E+09,13,8,123,0,3.83E+10,2.47E+09,3.58E+10,5.38,900371747.2,-0.134388731,Low
UTX,Industrials,28,-1.65E+09,31,7.08E+09,118,1.86E+09,28,1.57E+10,8.24E+08,-8.70E+07,3.43E+08,1.93E+10,1.02E+09,1.63E+09,7.61E+09,7.29E+09,13,14,82,2.28E+09,8.75E+10,2.74E+10,6.01E+10,8.72,872477064.2,-0.164608696,Low
VLO,Energy,19,-1.62E+09,56,4.11E+09,203,1.84E+09,15,1.32E+10,4.33E+08,0,0,7.25E+09,0,4.25E+08,3.99E+09,6.36E+09,7,5,123,0,4.43E+10,2.05E+10,2.38E+10,8,498750000,0.428484828,High
VMC,Materials,5,-289262000,81,285210000,307,274823000,25,857533000,220588000,0,10394000,1980334000,40558000,142787000,221177000,549778000,16,6,209,0,8301632000,4454188000,3847444000,1.66,133239156.6,0.444850094,High
VRSK,Industrials,37,-166138000,10,138348000,41,228383000,61,1264736000,121316000,85309000,-63307000,2293179000,0,98989000,507577000,736562000,36,25,41,0,5615927000,1372011000,4243916000,3.07,165334527.7,0.200312153,High
VRSN,Information Technology,35,-40656000,127,228659000,131,73783000,82,866578000,107631000,-452302000,92001000,1235354000,0,37051000,375236000,605946000,57,35,131,63718000,2357737000,-1070447000,3428184000,3.29,114053495.4,0.532631596,High
VRTX,Health Care,59,-45302000,221,793678000,278,62343000,88,907824000,84206000,404402000,51303000,739503000,3.00E+07,89509000,-556334000,-466879000,45,54,267,995922000,2498875000,939967000,1558908000,-2.31,240837229.4,0.059175074,High
VZ,Telecommunications Services,109,-1.78E+10,14,4.47E+09,64,1.60E+10,60,7.91E+10,4.92E+09,0,2.55E+09,1.04E+11,7.96E+08,-6.13E+09,1.79E+10,3.31E+10,25,14,60,0,2.45E+11,1.64E+10,2.28E+11,4.38,4081963470,-0.011970885,High
WEC,Utilities,7,-1266200000,2,49800000,81,583500000,33,1976700000,331400000,-1338600000,4800000,9124100000,1466700000,-12100000,640300000,1250500000,21,11,56,0,29355200000,8685200000,2.07E+10,2.36,271313559.3,-0.027114163,High
WHR,Consumer Discretionary,17,-6.89E+08,10,7.72E+08,89,6.68E+08,18,3.69E+09,1.65E+08,-7.00E+07,-7.60E+07,3.47E+09,0,-2.54E+08,7.83E+08,1.29E+09,6,4,55,0,1.90E+10,4.74E+09,1.33E+10,9.95,78693467.34,-0.241922209,Low
WM,Industrials,14,-1.23E+09,2,3.90E+07,93,1.34E+09,36,4.73E+09,3.85E+08,-2.00E+07,-2.09E+08,8.68E+09,3.60E+08,-1.27E+09,7.53E+08,2.05E+09,16,6,90,0,2.04E+10,5.35E+09,1.50E+10,1.66,453614457.8,0.039945421,High
WMB,Energy,9,-3.17E+09,4,1.00E+08,61,1.82E+09,53,3.93E+09,1.04E+09,-7.07E+08,-6.40E+07,2.38E+10,7.34E+09,-1.40E+08,-5.71E+08,2.26E+08,3,8,56,0,4.90E+10,6.15E+09,4.29E+10,-0.76,751315789.5,-0.428126356,Low
WU,Information Technology,60,-94400000,16,1315900000,57,270200000,42,2284300000,167900000,-19900000,46700000,0,0,-467300000,837800000,1109400000,20,15,57,0,9458900000,1404900000,8.05E+09,1.63,513987730.1,0,High
WY,Real Estate,10,-4.79E+08,116,1.01E+09,248,4.79E+08,20,1.39E+09,3.47E+08,0,-1.18E+08,4.89E+09,7.40E+07,-5.68E+08,5.06E+08,9.19E+08,13,7,184,2.40E+07,1.25E+10,4.87E+09,7.62E+09,0.89,568539325.8,-0.164669801,Low
WYN,Consumer Discretionary,64,-2.22E+08,9,1.71E+08,96,2.34E+08,51,2.84E+09,1.25E+08,-1.70E+07,1.30E+08,4.96E+09,2.44E+09,-1.20E+07,6.12E+08,1.02E+09,18,11,80,0,9.72E+09,9.50E+08,8.77E+09,5.18,118146718.1,-0.152868467,Low
WYNN,Consumer Discretionary,174,-1921240000,198,2080089000,226,342414000,38,1545509000,300906000,-3660000,-220361000,9212765000,136983000,-102075000,195290000,658814000,16,5,219,0,10522259000,-111979000,10634238000,1.93,101186528.5,-0.534888382,Low
XEC,Energy,86,-1049636000,190,779382000,263,778923000,64,932745000,55157000,0,-276735000,1485620000,501000,373520000,-2408948000,-3740803000,258,166,250,0,5243286000,2797678000,2445608000,-25.92,92937808.64,-0.156792481,Low
XEL,Utilities,9,-3683359000,2,84940000,72,1249338000,36,3990853000,595282000,-22443000,-175214000,12490719000,1954078000,5332000,984485000,2000512000,18,9,57,0,39053535000,10600920000,28452615000,1.94,507466494.8,-0.000278341,High
XOM,Energy,9,-2.65E+10,7,3.71E+09,79,1.80E+10,36,9.39E+10,3.11E+08,2.35E+08,-7.47E+09,2.53E+10,3.42E+10,-9.11E+08,1.62E+10,1.29E+10,5,6,49,0,3.37E+11,1.71E+11,1.66E+11,3.85,4194805195,-0.156841541,Low
XRAY,Health Care,11,-7.20E+07,60,284600000,251,134200000,57,1517200000,55900000,24400000,13100000,1.14E+09,0,1.33E+08,251200000,375200000,14,9,180,0,4402900000,2.34E+09,2064900000,1.79,140335195.5,0.142293937,High
XRX,Information Technology,5,-2.51E+08,26,1.37E+09,127,1.19E+09,29,5.26E+09,0,0,2.21E+08,6.38E+09,3.97E+09,-4.30E+07,4.74E+08,4.12E+08,2,3,109,5.63E+08,2.48E+10,9.07E+09,1.57E+10,0.42,1128571429,-0.233044733,Low
XYL,Industrials,16,-1.17E+08,83,6.80E+08,244,1.33E+08,38,1.40E+09,5.50E+07,0,6.00E+06,1.20E+09,0,1.70E+07,3.40E+08,4.49E+08,12,9,191,9.50E+07,4.66E+09,2.08E+09,2.57E+09,1.88,180851063.8,-0.041239821,High
YHOO,Information Technology,15,-554163000,459,1631911000,588,719892000,58,2890553000,0,2446759000,-3427810000,1233485000,34651551000,-1032187000,-4359082000,-4748494000,96,88,588,1177923000,45203966000,29043537000,16160429000,-4.64,939457327.6,-0.341516545,Low
ZBH,Health Care,1,-434100000,100,1459300000,362,712400000,70,4197200000,286600000,588100000,-263100000,11556300000,0,3.76E+08,1.47E+08,467300000,8,2,223,268800000,27219500000,9887900000,17331600000,0.78,188461538.5,-0.095485824,Low
ZTS,Health Care,32,-2.24E+08,65,1.15E+09,215,1.99E+08,64,3.03E+09,1.24E+08,0,8.70E+07,4.53E+09,0,2.72E+08,3.39E+08,7.50E+08,16,7,133,3.64E+08,7.91E+09,1.07E+09,6.85E+09,0.68,498529411.8,0.113641625,High
